,Location_x,Appts_Total_2016,PC_Wait_2016,Appts<31_16,%Appts<31_16,VISN,Facility,Is_Station,Station,NbrEmps,ORGANIZATION,MAY-FY11,MAY-FY12,MAY-FY13,MAY-FY14,MAY-FY15,MAY-FY16,percent_of_staff_14,Location_y,Appts_Total_2014_x,Appts<31_14_x,%Appts<31_14_x,PC_Wait_2014_x,Location,Appts_Total_2014_y,Appts<31_14_y,%Appts<31_14_y,PC_Wait_2014_y
0,"(V01) (402) Togus, ME",43609,7.82,"41,785",0.96,01,402,True,402,23,(V01) (402) HCS TOGUS ME,1293,1272.0,1248,1283,1335,1446,0.0179267342167,"(V01) (402) Togus, ME",42899,41740,0.973,2.51,"(V01) (402) Togus, ME",42899,41740,0.973,2.51
1,"(V01) (405) White River Junction, VT",21091,6.09,"20,284",0.96,01,405,True,405,24,(V01) (405) MROC WHT RIVER JCT VT,852,853.0,881,921,1022,1177,0.0260586319218,"(V01) (405) White River Junction, VT",23709,23197,0.9784,3.92,"(V01) (405) White River Junction, VT",23709,23197,0.9784,3.92
2,"(V01) (518) Bedford, MA",14456,0.6,"13,366",0.92,01,518,True,518,5,(V01) (518) MC BEDFORD MA,1313,1265.0,1245,1251,1297,1352,0.00399680255795,"(V01) (518) Bedford, MA",8105,7686,0.9483,1.12,"(V01) (518) Bedford, MA",8105,7686,0.9483,1.12
3,"(V01) (523) VA Boston HCS, MA",84373,14.46,"80,635",0.96,01,523,True,523,28,(V01) (523) HCS BOSTON MA,4022,4011.0,4041,4032,4123,4303,0.00694444444444,"(V01) (523) VA Boston HCS, MA",85625,84158,0.9829,1.66,"(V01) (523) VA Boston HCS, MA",85625,84158,0.9829,1.66
4,"(V01) (608) Manchester, NH",25424,5.75,"24,384",0.96,01,608,True,608,19,(V01) (608) MC MANCHESTER NH,663,683.0,691,686,759,803,0.0276967930029,"(V01) (608) Manchester, NH",19511,18996,0.9736,2.66,"(V01) (608) Manchester, NH",19511,18996,0.9736,2.66
5,(V01) (631) VA Central Western MassachusettsHCS,28207,7.88,"26,256",0.93,01,631,True,631,15,(V01) (631) MC NORTHAMPTON MA,639,726.0,767,795,803,876,0.0188679245283,(V01) (631) VA Central Western Massachusetts HCS,22602,20510,0.9074,10.54,(V01) (631) VA Central Western Massachusetts HCS,22602,20510,0.9074,10.54
6,"(V01) (650) Providence, RI",55615,7.0,"53,872",0.97,01,650,True,650,39,(V01) (650) MC PROVIDENCE RI,1215,1262.0,1279,1342,1406,1474,0.0290611028316,"(V01) (650) Providence, RI",38893,37289,0.9588,7.4,"(V01) (650) Providence, RI",38893,37289,0.9588,7.4
7,"(V01) (689) VA Connecticut HCS, CT",55207,1.96,"53,335",0.97,01,689,True,689,18,(V01) (689) HCS WEST HAVEN CT,2477,2541.0,2623,2812,2926,2972,0.00640113798009,"(V01) (689) VA Connecticut HCS, CT",49615,48532,0.9782,2.35,"(V01) (689) VA Connecticut HCS, CT",49615,48532,0.9782,2.35
8,"(V02) (528) Albany, NY",41366,5.72,"38,275",0.93,02,528,True,528,13,(V02) (528) HCS BUFFALO NY,6584,6624.0,6566,6678,6751,6735,0.00194669062594,"(V02) (528) Albany, NY",31376,30386,0.9684,2.33,"(V02) (528) Albany, NY",31376,30386,0.9684,2.33
9,"(V02) (528) Albany, NY",41366,5.72,"38,275",0.93,02,528,True,528,13,(V02) (528) HCS BUFFALO NY,6584,6624.0,6566,6678,6751,6735,0.00194669062594,"(V02) (528) Albany, NY",31376,30386,0.9684,2.33,"(V02) (528) Bath, NY",14816,14194,0.958,3.35
10,"(V02) (528) Albany, NY",41366,5.72,"38,275",0.93,02,528,True,528,13,(V02) (528) HCS BUFFALO NY,6584,6624.0,6566,6678,6751,6735,0.00194669062594,"(V02) (528) Albany, NY",31376,30386,0.9684,2.33,"(V02) (528) Western New York, NY",42761,41382,0.9678,4.34
11,"(V02) (528) Albany, NY",41366,5.72,"38,275",0.93,02,528,True,528,13,(V02) (528) HCS BUFFALO NY,6584,6624.0,6566,6678,6751,6735,0.00194669062594,"(V02) (528) Albany, NY",31376,30386,0.9684,2.33,"(V02) (528) Canandaigua, NY",14061,13723,0.976,5.12
12,"(V02) (528) Albany, NY",41366,5.72,"38,275",0.93,02,528,True,528,13,(V02) (528) HCS BUFFALO NY,6584,6624.0,6566,6678,6751,6735,0.00194669062594,"(V02) (528) Albany, NY",31376,30386,0.9684,2.33,"(V02) (528) Syracuse, NY",48461,44793,0.9243,2.58
13,"(V02) (528) Albany, NY",41366,5.72,"38,275",0.93,02,528,True,528,13,(V02) (528) HCS BUFFALO NY,6584,6624.0,6566,6678,6751,6735,0.00194669062594,"(V02) (528) Bath, NY",14816,14194,0.958,3.35,"(V02) (528) Albany, NY",31376,30386,0.9684,2.33
14,"(V02) (528) Albany, NY",41366,5.72,"38,275",0.93,02,528,True,528,13,(V02) (528) HCS BUFFALO NY,6584,6624.0,6566,6678,6751,6735,0.00194669062594,"(V02) (528) Bath, NY",14816,14194,0.958,3.35,"(V02) (528) Bath, NY",14816,14194,0.958,3.35
15,"(V02) (528) Albany, NY",41366,5.72,"38,275",0.93,02,528,True,528,13,(V02) (528) HCS BUFFALO NY,6584,6624.0,6566,6678,6751,6735,0.00194669062594,"(V02) (528) Bath, NY",14816,14194,0.958,3.35,"(V02) (528) Western New York, NY",42761,41382,0.9678,4.34
16,"(V02) (528) Albany, NY",41366,5.72,"38,275",0.93,02,528,True,528,13,(V02) (528) HCS BUFFALO NY,6584,6624.0,6566,6678,6751,6735,0.00194669062594,"(V02) (528) Bath, NY",14816,14194,0.958,3.35,"(V02) (528) Canandaigua, NY",14061,13723,0.976,5.12
17,"(V02) (528) Albany, NY",41366,5.72,"38,275",0.93,02,528,True,528,13,(V02) (528) HCS BUFFALO NY,6584,6624.0,6566,6678,6751,6735,0.00194669062594,"(V02) (528) Bath, NY",14816,14194,0.958,3.35,"(V02) (528) Syracuse, NY",48461,44793,0.9243,2.58
18,"(V02) (528) Albany, NY",41366,5.72,"38,275",0.93,02,528,True,528,13,(V02) (528) HCS BUFFALO NY,6584,6624.0,6566,6678,6751,6735,0.00194669062594,"(V02) (528) Western New York, NY",42761,41382,0.9678,4.34,"(V02) (528) Albany, NY",31376,30386,0.9684,2.33
19,"(V02) (528) Albany, NY",41366,5.72,"38,275",0.93,02,528,True,528,13,(V02) (528) HCS BUFFALO NY,6584,6624.0,6566,6678,6751,6735,0.00194669062594,"(V02) (528) Western New York, NY",42761,41382,0.9678,4.34,"(V02) (528) Bath, NY",14816,14194,0.958,3.35
20,"(V02) (528) Albany, NY",41366,5.72,"38,275",0.93,02,528,True,528,13,(V02) (528) HCS BUFFALO NY,6584,6624.0,6566,6678,6751,6735,0.00194669062594,"(V02) (528) Western New York, NY",42761,41382,0.9678,4.34,"(V02) (528) Western New York, NY",42761,41382,0.9678,4.34
21,"(V02) (528) Albany, NY",41366,5.72,"38,275",0.93,02,528,True,528,13,(V02) (528) HCS BUFFALO NY,6584,6624.0,6566,6678,6751,6735,0.00194669062594,"(V02) (528) Western New York, NY",42761,41382,0.9678,4.34,"(V02) (528) Canandaigua, NY",14061,13723,0.976,5.12
22,"(V02) (528) Albany, NY",41366,5.72,"38,275",0.93,02,528,True,528,13,(V02) (528) HCS BUFFALO NY,6584,6624.0,6566,6678,6751,6735,0.00194669062594,"(V02) (528) Western New York, NY",42761,41382,0.9678,4.34,"(V02) (528) Syracuse, NY",48461,44793,0.9243,2.58
23,"(V02) (528) Albany, NY",41366,5.72,"38,275",0.93,02,528,True,528,13,(V02) (528) HCS BUFFALO NY,6584,6624.0,6566,6678,6751,6735,0.00194669062594,"(V02) (528) Canandaigua, NY",14061,13723,0.976,5.12,"(V02) (528) Albany, NY",31376,30386,0.9684,2.33
24,"(V02) (528) Albany, NY",41366,5.72,"38,275",0.93,02,528,True,528,13,(V02) (528) HCS BUFFALO NY,6584,6624.0,6566,6678,6751,6735,0.00194669062594,"(V02) (528) Canandaigua, NY",14061,13723,0.976,5.12,"(V02) (528) Bath, NY",14816,14194,0.958,3.35
25,"(V02) (528) Albany, NY",41366,5.72,"38,275",0.93,02,528,True,528,13,(V02) (528) HCS BUFFALO NY,6584,6624.0,6566,6678,6751,6735,0.00194669062594,"(V02) (528) Canandaigua, NY",14061,13723,0.976,5.12,"(V02) (528) Western New York, NY",42761,41382,0.9678,4.34
26,"(V02) (528) Albany, NY",41366,5.72,"38,275",0.93,02,528,True,528,13,(V02) (528) HCS BUFFALO NY,6584,6624.0,6566,6678,6751,6735,0.00194669062594,"(V02) (528) Canandaigua, NY",14061,13723,0.976,5.12,"(V02) (528) Canandaigua, NY",14061,13723,0.976,5.12
27,"(V02) (528) Albany, NY",41366,5.72,"38,275",0.93,02,528,True,528,13,(V02) (528) HCS BUFFALO NY,6584,6624.0,6566,6678,6751,6735,0.00194669062594,"(V02) (528) Canandaigua, NY",14061,13723,0.976,5.12,"(V02) (528) Syracuse, NY",48461,44793,0.9243,2.58
28,"(V02) (528) Albany, NY",41366,5.72,"38,275",0.93,02,528,True,528,13,(V02) (528) HCS BUFFALO NY,6584,6624.0,6566,6678,6751,6735,0.00194669062594,"(V02) (528) Syracuse, NY",48461,44793,0.9243,2.58,"(V02) (528) Albany, NY",31376,30386,0.9684,2.33
29,"(V02) (528) Albany, NY",41366,5.72,"38,275",0.93,02,528,True,528,13,(V02) (528) HCS BUFFALO NY,6584,6624.0,6566,6678,6751,6735,0.00194669062594,"(V02) (528) Syracuse, NY",48461,44793,0.9243,2.58,"(V02) (528) Bath, NY",14816,14194,0.958,3.35
30,"(V02) (528) Albany, NY",41366,5.72,"38,275",0.93,02,528,True,528,13,(V02) (528) HCS BUFFALO NY,6584,6624.0,6566,6678,6751,6735,0.00194669062594,"(V02) (528) Syracuse, NY",48461,44793,0.9243,2.58,"(V02) (528) Western New York, NY",42761,41382,0.9678,4.34
31,"(V02) (528) Albany, NY",41366,5.72,"38,275",0.93,02,528,True,528,13,(V02) (528) HCS BUFFALO NY,6584,6624.0,6566,6678,6751,6735,0.00194669062594,"(V02) (528) Syracuse, NY",48461,44793,0.9243,2.58,"(V02) (528) Canandaigua, NY",14061,13723,0.976,5.12
32,"(V02) (528) Albany, NY",41366,5.72,"38,275",0.93,02,528,True,528,13,(V02) (528) HCS BUFFALO NY,6584,6624.0,6566,6678,6751,6735,0.00194669062594,"(V02) (528) Syracuse, NY",48461,44793,0.9243,2.58,"(V02) (528) Syracuse, NY",48461,44793,0.9243,2.58
33,"(V03) (526) Bronx, NY",31772,5.04,"31,241",0.98,03,526,True,526,22,(V03) (526) MC BRONX NY,1898,1819.0,1756,1777,1827,1892,0.0123804164322,"(V03) (526) Bronx, NY",20917,20195,0.9655,4.32,"(V03) (526) Bronx, NY",20917,20195,0.9655,4.32
34,"(V03) (561) New Jersey HCS, NJ",49662,1.78,"47,136",0.95,03,561,True,561,26,(V03) (561) HCS EAST ORANGE NJ,2795,2762.0,2820,2813,2805,2863,0.00924280127977,"(V03) (561) New Jersey HCS, NJ",40291,38640,0.959,1.53,"(V03) (561) New Jersey HCS, NJ",40291,38640,0.959,1.53
35,"(V03) (620) VA Hudson Valley HCS, NY",21020,3.29,"20,824",0.99,03,620,True,620,6,(V03) (620) HCS MONTROSE NY,1553,1532.0,1543,1557,1496,1471,0.00385356454721,"(V03) (620) VA Hudson Valley HCS, NY",19748,19279,0.9763,4.3,"(V03) (620) VA Hudson Valley HCS, NY",19748,19279,0.9763,4.3
36,"(V03) (630) New York Harbor HCS, NY",46766,4.02,"45,542",0.97,03,630,True,630,27,(V03) (630) HCS NEW YORK NY,3650,3587.0,3547,3679,3668,3567,0.00733895080185,"(V03) (630) New York Harbor HCS, NY",50081,49426,0.9869,1.25,"(V03) (630) New York Harbor HCS, NY",50081,49426,0.9869,1.25
37,"(V03) (632) Northport, NY",39218,6.02,"37,759",0.96,03,632,True,632,27,(V03) (632) MC NORTHPORT L I NY,1816,1856.0,1912,1895,1901,1875,0.0142480211082,"(V03) (632) Northport, NY",34758,33946,0.9766,5.31,"(V03) (632) Northport, NY",34758,33946,0.9766,5.31
38,"(V04) (460) Wilmington, DE",32710,4.06,"30,414",0.93,04,460,True,460,19,(V04) (460) MROC WILMINGTON DE,916,916.0,941,933,940,915,0.0203644158628,"(V04) (460) Wilmington, DE",23238,21454,0.9232,16.97,"(V04) (460) Wilmington, DE",23238,21454,0.9232,16.97
39,"(V04) (503) Altoona, PA",23642,4.45,"23,516",0.99,04,503,True,503,16,(V04) (503) MC ALTOONA PA,637,615.0,625,657,681,670,0.0243531202435,"(V04) (503) Altoona, PA",29386,28894,0.9833,3.21,"(V04) (503) Altoona, PA",29386,28894,0.9833,3.21
40,"(V04) (529) Butler, PA",25791,1.48,"25,682",1.0,04,529,True,529,10,(V04) (529) MC BUTLER PA,589,569.0,565,574,571,577,0.0174216027875,"(V04) (529) Butler, PA",24169,23829,0.9859,0.32,"(V04) (529) Butler, PA",24169,23829,0.9859,0.32
41,"(V04) (540) Clarksburg, WV",25791,5.59,"23,825",0.92,04,540,True,540,33,(V04) (540) MC CLARKSBURG WV,820,814.0,860,881,890,927,0.0374574347333,"(V04) (540) Clarksburg, WV",24461,21200,0.8667,10.03,"(V04) (540) Clarksburg, WV",24461,21200,0.8667,10.03
42,"(V04) (542) Coatesville, PA",14753,1.65,"14,324",0.97,04,542,True,542,14,(V04) (542) MC COATESVILLE PA,1373,1284.0,1261,1295,1275,1222,0.0108108108108,"(V04) (542) Coatesville, PA",8857,8763,0.9894,1.42,"(V04) (542) Coatesville, PA",8857,8763,0.9894,1.42
43,"(V04) (562) Erie, PA",23486,7.01,"22,245",0.95,04,562,True,562,22,(V04) (562) MC ERIE PA,678,669.0,660,689,713,693,0.0319303338171,"(V04) (562) Erie, PA",12514,11749,0.9389,10.22,"(V04) (562) Erie, PA",12514,11749,0.9389,10.22
44,"(V04) (595) Lebanon, PA",69663,3.03,"67,773",0.97,04,595,True,595,26,(V04) (595) MC LEBANON PA,1354,1383.0,1333,1385,1419,1468,0.0187725631769,"(V04) (595) Lebanon, PA",43581,42710,0.98,1.78,"(V04) (595) Lebanon, PA",43581,42710,0.98,1.78
45,"(V04) (642) Philadelphia, PA",69426,5.28,"65,672",0.95,04,642,True,642,54,(V04) (642) MC PHILADELPHIA PA,2192,2125.0,2202,2312,2374,2373,0.0233564013841,"(V04) (642) Philadelphia, PA",61615,55883,0.907,5.44,"(V04) (642) Philadelphia, PA",61615,55883,0.907,5.44
46,"(V04) (646) Pittsburgh, PA",79920,4.92,"76,170",0.95,04,646,True,646,89,(V04) (646) HCS PITTSBURGH PA,3343,3119.0,3192,3406,3672,3647,0.0261303581914,"(V04) (646) Pittsburgh, PA",67390,65638,0.974,3.82,"(V04) (646) Pittsburgh, PA",67390,65638,0.974,3.82
47,"(V04) (693) Wilkes-Barre, PA",49051,2.02,"47,310",0.96,04,693,True,693,39,(V04) (693) MC WILKES BARRE PA,1138,1123.0,1136,1198,1253,1256,0.0325542570952,"(V04) (693) Wilkes‰ÛBarre, PA",23986,23260,0.9697,4.59,"(V04) (693) Wilkes‰ÛBarre, PA",23986,23260,0.9697,4.59
48,"(V05) (512) Baltimore HCS, MD",53145,4.81,"49,070",0.92,05,512,True,512,105,(V05) (512) HCS BALTIMORE MD,3062,3120.0,3194,3215,3269,3411,0.0326594090202,"(V05) (512) Baltimore HCS, MD",51989,47729,0.9181,12.39,"(V05) (512) Baltimore HCS, MD",51989,47729,0.9181,12.39
49,"(V05) (613) Martinsburg, WV",39979,3.39,"37,409",0.94,05,613,True,613,14,(V05) (613) MC MARTINSBURG WV,1612,1548.0,1616,1672,1759,1805,0.00837320574163,"(V05) (613) Martinsburg, WV",34329,33149,0.9656,5.02,"(V05) (613) Martinsburg, WV",34329,33149,0.9656,5.02
50,"(V05) (688) Washington, DC",50602,4.81,"48,317",0.95,05,688,True,688,48,(V05) (688) MC WASHINGTON DC,2240,2228.0,2249,2398,2515,2465,0.0200166805671,"(V05) (688) Washington, DC",41268,38836,0.9411,7.91,"(V05) (688) Washington, DC",41268,38836,0.9411,7.91
51,"(V06) (517) Beckley, WV",14034,5.07,"13,009",0.93,06,517,True,517,4,(V06) (517) MC BECKLEY WV,724,743.0,762,797,785,767,0.00501882057716,"(V06) (517) Beckley, WV",15041,14221,0.9455,4.94,"(V06) (517) Beckley, WV",15041,14221,0.9455,4.94
52,"(V06) (558) Durham, NC",75922,6.41,"67,219",0.89,06,558,True,558,27,(V06) (558) MC DURHAM NC,2497,2574.0,2911,3240,3457,3458,0.00833333333333,"(V06) (558) Durham, NC",68311,62314,0.9122,13.75,"(V06) (558) Durham, NC",68311,62314,0.9122,13.75
53,"(V06) (565) Fayetteville, NC",73949,5.5,"63,304",0.86,06,565,True,565,60,(V06) (565) MC FAYETTEVILLE NC,1142,1194.0,1283,1458,1596,1881,0.0411522633745,"(V06) (565) Fayetteville, NC",42218,33639,0.7968,28.45,"(V06) (565) Fayetteville, NC",42218,33639,0.7968,28.45
54,"(V06) (590) Hampton, VA",62269,7.86,"56,174",0.9,06,590,True,590,42,(V06) (590) MC HAMPTON VA,1593,1586.0,1651,1703,1771,1805,0.0246623605402,"(V06) (590) Hampton, VA",33032,26610,0.8056,30.53,"(V06) (590) Hampton, VA",33032,26610,0.8056,30.53
55,"(V06) (637) Asheville, NC",48628,6.54,"42,816",0.88,06,637,True,637,30,(V06) (637) MC ASHEVILLE NC,1500,1541.0,1588,1712,1737,1798,0.017523364486,"(V06) (637) Asheville, NC",34621,33026,0.9539,8.65,"(V06) (637) Asheville, NC",34621,33026,0.9539,8.65
56,"(V06) (652) Richmond, VA",77942,5.21,"70,240",0.9,06,652,True,652,37,(V06) (652) MC RICHMOND VA,2296,2460.0,2631,2729,3001,3333,0.0135580798827,"(V06) (652) Richmond, VA",63003,59877,0.9504,9.24,"(V06) (652) Richmond, VA",63003,59877,0.9504,9.24
57,"(V06) (658) Salem, VA",58989,5.64,"52,689",0.89,06,658,True,658,30,(V06) (658) MC SALEM VA,1808,1804.0,1922,1982,1870,1907,0.0151362260343,"(V06) (658) Salem, VA",40073,38153,0.9521,3.27,"(V06) (658) Salem, VA",40073,38153,0.9521,3.27
58,"(V06) (659) Salisbury, NC",90192,4.25,"80,622",0.89,06,659,True,659,45,(V06) (659) MC SALISBURY NC,2159,2131.0,2258,2450,2582,2721,0.0183673469388,"(V06) (659) Salisbury, NC",74731,66798,0.8938,6.14,"(V06) (659) Salisbury, NC",74731,66798,0.8938,6.14
59,"(V07) (508) Atlanta, GA",121853,7.07,"112,734",0.93,07,508,True,508,111,(V07) (508) MC ATLANTA GA,2983,3121.0,3382,3712,4028,4487,0.0299030172414,"(V07) (508) Atlanta, GA",112008,103243,0.9217,19.17,"(V07) (508) Atlanta, GA",112008,103243,0.9217,19.17
60,"(V07) (509) Augusta, GA",47675,9.58,"44,265",0.93,07,509,True,509,28,(V07) (509) MC AUGUSTA GA,2402,2406.0,2381,2361,2445,2512,0.011859381618,"(V07) (509) Augusta, GA",35052,33367,0.9519,6.74,"(V07) (509) Augusta, GA",35052,33367,0.9519,6.74
61,"(V07) (521) Birmingham, AL",71558,6.83,"66,458",0.93,07,521,True,521,13,(V07) (521) MC BIRMINGHAM AL,2095,2072.0,2154,2237,2396,2537,0.00581135449262,"(V07) (521) Birmingham, AL",50212,47517,0.9463,2.51,"(V07) (521) Birmingham, AL",50212,47517,0.9463,2.51
62,"(V07) (534) Charleston, SC",64443,3.77,"60,847",0.94,07,534,True,534,113,(V07) (534) MC CHARLESTON SC,1720,1803.0,1873,1992,2215,2409,0.0567269076305,"(V07) (534) Charleston, SC",40782,39134,0.9596,4.25,"(V07) (534) Charleston, SC",40782,39134,0.9596,4.25
63,"(V07) (544) Columbia, SC",86056,8.89,"76,584",0.89,07,544,True,544,66,(V07) (544) MC COLUMBIA SC,1877,1936.0,2057,2124,2351,2487,0.0310734463277,"(V07) (544) Columbia, SC",63394,58317,0.9199,10.4,"(V07) (544) Columbia, SC",63394,58317,0.9199,10.4
64,"(V07) (557) Dublin, GA",28284,12.53,"22,968",0.81,07,557,True,557,26,(V07) (557) MC DUBLIN GA,983,1016.0,1060,1154,1284,1349,0.0225303292894,"(V07) (557) Dublin, GA",25751,21808,0.8469,20.04,"(V07) (557) Dublin, GA",25751,21808,0.8469,20.04
65,"(V07) (619) Central Alabama Veterans HCS, AL",50845,7.57,"43,888",0.86,07,619,True,619,30,(V07) (619) HCS MONTGOMERY AL,1559,1465.0,1561,1492,1544,1725,0.0201072386059,"(V07) (619) Central Alabama Veterans HCS, AL",33086,25070,0.7577,12.7,"(V07) (619) Central Alabama Veterans HCS, AL",33086,25070,0.7577,12.7
66,"(V07) (679) Tuscaloosa, AL",7010,10.0,"6,224",0.89,07,679,True,679,2,(V07) (679) MC TUSCALOOSA AL,1072,1033.0,1005,1008,1018,1000,0.00198412698413,"(V07) (679) Tuscaloosa, AL",6049,5853,0.9676,9.31,"(V07) (679) Tuscaloosa, AL",6049,5853,0.9676,9.31
67,"(V08) (516) Bay Pines, FL",183958,3.19,"178,785",0.97,08,516,True,516,29,(V08) (516) MC BAY PINES FL,3360,3375.0,3561,3782,4032,4110,0.0076679005817,"(V08) (516) Bay Pines, FL",103097,98753,0.9579,7.17,"(V08) (516) Bay Pines, FL",103097,98753,0.9579,7.17
68,"(V08) (546) Miami, FL",91599,5.88,"86,634",0.95,08,546,True,546,37,(V08) (546) MC MIAMI FL,2680,2592.0,2604,2658,2754,2841,0.0139202407825,"(V08) (546) Miami, FL",51542,49478,0.96,5.78,"(V08) (546) Miami, FL",51542,49478,0.96,5.78
69,"(V08) (548) West Palm Beach, FL",114513,2.58,"109,719",0.96,08,548,True,548,15,(V08) (548) MC W PALM BEACH FL,2226,2228.0,2391,2485,2596,2614,0.00603621730382,"(V08) (548) West Palm Beach, FL",66918,64654,0.9662,1.62,"(V08) (548) West Palm Beach, FL",66918,64654,0.9662,1.62
70,"(V08) (573) Gainesville, FL",257426,5.43,"243,224",0.94,08,573,True,573,75,(V08) (573) HCS GAINESVILLE FL,4833,4719.0,5116,5468,5584,5743,0.0137161667886,"(V08) (573) Gainesville, FL",150045,129151,0.8607,9.38,"(V08) (573) Gainesville, FL",150045,129151,0.8607,9.38
71,"(V08) (672) San Juan, PR",147554,5.55,"141,521",0.96,08,672,True,672,24,(V08) (672) MC SAN JUAN PR,3346,3309.0,3337,3349,3676,3769,0.00716631830397,"(V08) (672) San Juan, PR",125488,124030,0.9884,2.42,"(V08) (672) San Juan, PR",125488,124030,0.9884,2.42
72,"(V08) (673) Tampa, FL",180908,2.26,"176,270",0.97,08,673,True,673,68,(V08) (673) MC TAMPA FL,4508,4269.0,4380,4587,4763,4883,0.0148245040331,"(V08) (673) Tampa, FL",122359,113924,0.9311,1.37,"(V08) (673) Tampa, FL",122359,113924,0.9311,1.37
73,"(V08) (675) Orlando, FL",212838,5.55,"199,976",0.94,08,675,True,675,32,(V08) (675) MC ORLANDO FL,1991,2239.0,2464,2668,2914,3708,0.0119940029985,"(V08) (675) Orlando, FL",102342,96517,0.9431,3.21,"(V08) (675) Orlando, FL",102342,96517,0.9431,3.21
74,"(V09) (581) Huntington, WV",40147,4.24,"37,766",0.94,09,581,True,581,35,(V09) (581) MC HUNTINGTON WV,1126,1119.0,1156,1171,1229,1271,0.0298889837746,"(V09) (581) Huntington, WV",29070,27449,0.9442,7.7,"(V09) (581) Huntington, WV",29070,27449,0.9442,7.7
75,"(V09) (596) Lexington, KY",28272,2.99,"26,573",0.94,09,596,True,596,32,(V09) (596) MC LEXINGTON KY,1783,1723.0,1820,1905,1958,2053,0.0167979002625,"(V09) (596) Lexington, KY",33802,30711,0.9086,7.6,"(V09) (596) Lexington, KY",33802,30711,0.9086,7.6
76,"(V09) (603) Louisville, KY",54529,3.78,"53,420",0.98,09,603,True,603,38,(V09) (603) MC LOUISVILLE KY,1634,1665.0,1750,1706,1841,1847,0.0222743259086,"(V09) (603) Louisville, KY",46180,45236,0.9796,4.13,"(V09) (603) Louisville, KY",46180,45236,0.9796,4.13
77,"(V09) (614) Memphis, TN",56531,3.85,"54,491",0.96,09,614,True,614,24,(V09) (614) MC MEMPHIS TN,2253,2194.0,2333,2327,2310,2346,0.0103137086377,"(V09) (614) Memphis, TN",57905,56238,0.9712,2.56,"(V09) (614) Memphis, TN",57905,56238,0.9712,2.56
78,"(V09) (621) Mountain Home, TN",94360,5.52,"90,601",0.96,09,621,True,621,32,(V09) (621) MC MOUNTAIN HOME TN,2087,2078.0,2120,2181,2280,2317,0.0146721687299,"(V09) (621) Mountain Home, TN",75141,72274,0.9618,7.51,"(V09) (621) Mountain Home, TN",75141,72274,0.9618,7.51
79,"(V09) (626) Middle Tennessee HCS, TN",146338,7.22,"137,022",0.94,09,626,True,626,107,(V09) (626) HCS NASHVILLE TN,3448,3488.0,3589,3749,3975,4138,0.0285409442518,"(V09) (626) Middle Tennessee HCS, TN",130280,120403,0.9242,10.71,"(V09) (626) Middle Tennessee HCS, TN",130280,120403,0.9242,10.71
80,"(V10) (538) Chillicothe, OH",18566,5.95,"16,790",0.9,10,538,True,538,4,(V10) (538) MC CHILLICOTHE OH,1368,1393.0,1423,1401,1411,1430,0.0028551034975,"(V10) (538) Chillicothe, OH",15904,14204,0.8931,4.41,"(V10) (538) Chillicothe, OH",15904,14204,0.8931,4.41
81,"(V10) (539) Cincinnati, OH",50102,2.48,"48,071",0.96,10,539,True,539,34,(V10) (539) MC CINCINNATI OH,2043,2097.0,2147,2172,2168,2225,0.0156537753223,"(V10) (539) Cincinnati, OH",39991,38405,0.9603,1.74,"(V10) (539) Cincinnati, OH",39991,38405,0.9603,1.74
82,"(V10) (541) Cleveland, OH",93682,3.87,"86,528",0.92,10,541,True,541,28,(V10) (541) MC CLEVELAND OH,4516,4485.0,4431,4518,4632,4825,0.00619743249225,"(V10) (541) Cleveland, OH",67463,64510,0.9562,4.83,"(V10) (541) Cleveland, OH",67463,64510,0.9562,4.83
83,"(V10) (552) Dayton, OH",28155,2.27,"26,497",0.94,10,552,True,552,25,(V10) (552) MC DAYTON OH,2020,1978.0,2085,2072,2162,2230,0.0120656370656,"(V10) (552) Dayton, OH",23145,22503,0.9723,0.81,"(V10) (552) Dayton, OH",23145,22503,0.9723,0.81
84,"(V10) (757) Columbus, OH",49569,7.7,"43,506",0.88,10,757,True,757,28,(V10) (757) ACC COLUMBUS OH,886,924.0,944,1031,1093,1160,0.0271580989331,"(V10) (757) Columbus, OH",36642,33389,0.9112,9.79,"(V10) (757) Columbus, OH",36642,33389,0.9112,9.79
85,"(V11) (506) Ann Arbor, MI",62512,5.76,"56,994",0.91,11,506,True,506,70,(V11) (506) HCS ANN ARBOR MI,2057,2190.0,2346,2447,2591,2626,0.028606456886,"(V11) (506) Ann Arbor, MI",50032,47030,0.94,5.2,"(V11) (506) Ann Arbor, MI",50032,47030,0.94,5.2
86,"(V11) (515) Battle Creek, MI",27859,3.54,"26,523",0.95,11,515,True,515,18,(V11) (515) MC BATTLE CREEK MI,1279,1348.0,1381,1460,1538,1620,0.0123287671233,"(V11) (515) Battle Creek, MI",21849,20324,0.9302,3.53,"(V11) (515) Battle Creek, MI",21849,20324,0.9302,3.53
87,"(V11) (550) Danville, IL",30362,3.32,"28,755",0.95,11,550,True,550,7,(V11) (550) MC DANVILLE IL,1420,1493.0,1541,1485,1508,1530,0.0047138047138,"(V11) (550) Danville, IL",16276,15567,0.9564,4.69,"(V11) (550) Danville, IL",16276,15567,0.9564,4.69
88,"(V11) (553) Detroit, MI",64268,5.3,"58,646",0.91,11,553,True,553,16,(V11) (553) MC DETROIT MI,1782,1928.0,1946,1934,1987,1951,0.00827300930714,"(V11) (553) Detroit, MI",37203,36473,0.9804,0.76,"(V11) (553) Detroit, MI",37203,36473,0.9804,0.76
89,"(V11) (583) Indianapolis, IN",61289,3.84,"56,305",0.92,11,583,True,583,37,(V11) (583) MC INDIANAPOLIS IN,2358,2427.0,2587,2653,2832,2976,0.0139464756879,"(V11) (583) Indianapolis, IN",50167,47898,0.9548,4.59,"(V11) (583) Indianapolis, IN",50167,47898,0.9548,4.59
90,"(V11) (610) Northern Indiana HCS, IN",37081,7.12,"32,657",0.88,11,610,True,610,27,(V11) (610) HCS MARION IN,1411,1422.0,1460,1456,1527,1651,0.018543956044,"(V11) (610) Northern Indiana HCS, IN",29524,27740,0.9396,9.68,"(V11) (610) Northern Indiana HCS, IN",29524,27740,0.9396,9.68
91,"(V11) (655) Saginaw, MI",29081,3.18,"26,735",0.92,11,655,True,655,13,(V11) (655) MC SAGINAW MI,870,910.0,976,1020,1034,1083,0.0127450980392,"(V11) (655) Saginaw, MI",24652,24285,0.9851,0.65,"(V11) (655) Saginaw, MI",24652,24285,0.9851,0.65
92,"(V12) (537) Jesse Brown VAMC (Chicago), IL",49366,4.79,"46,182",0.94,12,537,True,537,52,(V12) (537) HCS CHICAGO IL,2210,2205.0,2364,2429,2371,2477,0.0214079868259,"(V12) (537) Jesse Brown VAMC (Chicago), IL",43992,41023,0.9325,6.64,"(V12) (537) Jesse Brown VAMC (Chicago), IL",43992,41023,0.9325,6.64
93,(V12) (556) Captain James A Lovell FHCC,19261,2.46,"18,999",0.99,12,556,True,556,2,(V12) (556) FHCC NORTH CHICAGO IL,1956,2049.0,2120,2125,2166,2115,0.000941176470588,(V12) (556) Captain James A Lovell FHCC,14204,13770,0.9694,2.66,(V12) (556) Captain James A Lovell FHCC,14204,13770,0.9694,2.66
94,"(V12) (578) Hines, IL",63048,6.91,"57,418",0.91,12,578,True,578,75,(V12) (578) MC HINES IL,3242,3275.0,3364,3451,3552,3705,0.0217328310635,"(V12) (578) Hines, IL",49762,43171,0.8675,10.14,"(V12) (578) Hines, IL",49762,43171,0.8675,10.14
95,"(V12) (585) Iron Mountain, MI",12391,4.25,"12,009",0.97,12,585,True,585,11,(V12) (585) MC IRON MOUNTAIN MI,604,613.0,634,655,667,657,0.0167938931298,"(V12) (585) Iron Mountain, MI",10720,10111,0.9432,4.82,"(V12) (585) Iron Mountain, MI",10720,10111,0.9432,4.82
96,"(V12) (607) Madison, WI",33882,5.67,"31,563",0.93,12,607,True,607,25,(V12) (607) MC MADISON WI,1604,1675.0,1758,1834,1882,1962,0.0136314067612,"(V12) (607) Madison, WI",30149,28118,0.9326,8.1,"(V12) (607) Madison, WI",30149,28118,0.9326,8.1
97,"(V12) (676) Tomah, WI",16480,2.97,"15,761",0.96,12,676,True,676,12,(V12) (676) MC TOMAH WI,1016,1026.0,1066,1095,1085,1085,0.0109589041096,"(V12) (676) Tomah, WI",14364,14060,0.9788,1.28,"(V12) (676) Tomah, WI",14364,14060,0.9788,1.28
98,"(V12) (695) Milwaukee, WI",68285,9.73,"63,441",0.93,12,695,True,695,43,(V12) (695) MC MILWAUKEE WI,3332,3466.0,3627,3740,3850,4029,0.0114973262032,"(V12) (695) Milwaukee, WI",55515,50519,0.91,1.25,"(V12) (695) Milwaukee, WI",55515,50519,0.91,1.25
99,"(V15) (589) Columbia, MO",44752,2.53,"42,416",0.95,15,589,True,589,65,(V15) (589) HCS KANSAS CITY MO,5668,5513.0,5628,5783,6093,6343,0.011239840913,"(V15) (589) Columbia, MO",43676,43200,0.9891,1.95,"(V15) (589) Columbia, MO",43676,43200,0.9891,1.95
100,"(V15) (589) Columbia, MO",44752,2.53,"42,416",0.95,15,589,True,589,65,(V15) (589) HCS KANSAS CITY MO,5668,5513.0,5628,5783,6093,6343,0.011239840913,"(V15) (589) Columbia, MO",43676,43200,0.9891,1.95,"(V15) (589) Kansas City, MO",33338,31653,0.9495,5.44
101,"(V15) (589) Columbia, MO",44752,2.53,"42,416",0.95,15,589,True,589,65,(V15) (589) HCS KANSAS CITY MO,5668,5513.0,5628,5783,6093,6343,0.011239840913,"(V15) (589) Columbia, MO",43676,43200,0.9891,1.95,"(V15) (589) Eastern KS HCS, KS",34485,33588,0.974,3.12
102,"(V15) (589) Columbia, MO",44752,2.53,"42,416",0.95,15,589,True,589,65,(V15) (589) HCS KANSAS CITY MO,5668,5513.0,5628,5783,6093,6343,0.011239840913,"(V15) (589) Columbia, MO",43676,43200,0.9891,1.95,"(V15) (589) Wichita, KS",17720,16776,0.9467,4.3
103,"(V15) (589) Columbia, MO",44752,2.53,"42,416",0.95,15,589,True,589,65,(V15) (589) HCS KANSAS CITY MO,5668,5513.0,5628,5783,6093,6343,0.011239840913,"(V15) (589) Kansas City, MO",33338,31653,0.9495,5.44,"(V15) (589) Columbia, MO",43676,43200,0.9891,1.95
104,"(V15) (589) Columbia, MO",44752,2.53,"42,416",0.95,15,589,True,589,65,(V15) (589) HCS KANSAS CITY MO,5668,5513.0,5628,5783,6093,6343,0.011239840913,"(V15) (589) Kansas City, MO",33338,31653,0.9495,5.44,"(V15) (589) Kansas City, MO",33338,31653,0.9495,5.44
105,"(V15) (589) Columbia, MO",44752,2.53,"42,416",0.95,15,589,True,589,65,(V15) (589) HCS KANSAS CITY MO,5668,5513.0,5628,5783,6093,6343,0.011239840913,"(V15) (589) Kansas City, MO",33338,31653,0.9495,5.44,"(V15) (589) Eastern KS HCS, KS",34485,33588,0.974,3.12
106,"(V15) (589) Columbia, MO",44752,2.53,"42,416",0.95,15,589,True,589,65,(V15) (589) HCS KANSAS CITY MO,5668,5513.0,5628,5783,6093,6343,0.011239840913,"(V15) (589) Kansas City, MO",33338,31653,0.9495,5.44,"(V15) (589) Wichita, KS",17720,16776,0.9467,4.3
107,"(V15) (589) Columbia, MO",44752,2.53,"42,416",0.95,15,589,True,589,65,(V15) (589) HCS KANSAS CITY MO,5668,5513.0,5628,5783,6093,6343,0.011239840913,"(V15) (589) Eastern KS HCS, KS",34485,33588,0.974,3.12,"(V15) (589) Columbia, MO",43676,43200,0.9891,1.95
108,"(V15) (589) Columbia, MO",44752,2.53,"42,416",0.95,15,589,True,589,65,(V15) (589) HCS KANSAS CITY MO,5668,5513.0,5628,5783,6093,6343,0.011239840913,"(V15) (589) Eastern KS HCS, KS",34485,33588,0.974,3.12,"(V15) (589) Kansas City, MO",33338,31653,0.9495,5.44
109,"(V15) (589) Columbia, MO",44752,2.53,"42,416",0.95,15,589,True,589,65,(V15) (589) HCS KANSAS CITY MO,5668,5513.0,5628,5783,6093,6343,0.011239840913,"(V15) (589) Eastern KS HCS, KS",34485,33588,0.974,3.12,"(V15) (589) Eastern KS HCS, KS",34485,33588,0.974,3.12
110,"(V15) (589) Columbia, MO",44752,2.53,"42,416",0.95,15,589,True,589,65,(V15) (589) HCS KANSAS CITY MO,5668,5513.0,5628,5783,6093,6343,0.011239840913,"(V15) (589) Eastern KS HCS, KS",34485,33588,0.974,3.12,"(V15) (589) Wichita, KS",17720,16776,0.9467,4.3
111,"(V15) (589) Columbia, MO",44752,2.53,"42,416",0.95,15,589,True,589,65,(V15) (589) HCS KANSAS CITY MO,5668,5513.0,5628,5783,6093,6343,0.011239840913,"(V15) (589) Wichita, KS",17720,16776,0.9467,4.3,"(V15) (589) Columbia, MO",43676,43200,0.9891,1.95
112,"(V15) (589) Columbia, MO",44752,2.53,"42,416",0.95,15,589,True,589,65,(V15) (589) HCS KANSAS CITY MO,5668,5513.0,5628,5783,6093,6343,0.011239840913,"(V15) (589) Wichita, KS",17720,16776,0.9467,4.3,"(V15) (589) Kansas City, MO",33338,31653,0.9495,5.44
113,"(V15) (589) Columbia, MO",44752,2.53,"42,416",0.95,15,589,True,589,65,(V15) (589) HCS KANSAS CITY MO,5668,5513.0,5628,5783,6093,6343,0.011239840913,"(V15) (589) Wichita, KS",17720,16776,0.9467,4.3,"(V15) (589) Eastern KS HCS, KS",34485,33588,0.974,3.12
114,"(V15) (589) Columbia, MO",44752,2.53,"42,416",0.95,15,589,True,589,65,(V15) (589) HCS KANSAS CITY MO,5668,5513.0,5628,5783,6093,6343,0.011239840913,"(V15) (589) Wichita, KS",17720,16776,0.9467,4.3,"(V15) (589) Wichita, KS",17720,16776,0.9467,4.3
115,"(V15) (657) Marion, IL",28290,15.61,"25,830",0.91,15,657,True,657,127,(V15) (657) HCS ST LOUIS MO,4436,4329.0,4441,4825,5076,5125,0.0263212435233,"(V15) (657) Marion, IL",21126,19407,0.9186,4.64,"(V15) (657) Marion, IL",21126,19407,0.9186,4.64
116,"(V15) (657) Marion, IL",28290,15.61,"25,830",0.91,15,657,True,657,127,(V15) (657) HCS ST LOUIS MO,4436,4329.0,4441,4825,5076,5125,0.0263212435233,"(V15) (657) Marion, IL",21126,19407,0.9186,4.64,"(V15) (657) Poplar Bluff, MO",11284,10400,0.9217,3.57
117,"(V15) (657) Marion, IL",28290,15.61,"25,830",0.91,15,657,True,657,127,(V15) (657) HCS ST LOUIS MO,4436,4329.0,4441,4825,5076,5125,0.0263212435233,"(V15) (657) Marion, IL",21126,19407,0.9186,4.64,"(V15) (657) St. Louis, MO",54377,53489,0.9837,3.57
118,"(V15) (657) Marion, IL",28290,15.61,"25,830",0.91,15,657,True,657,127,(V15) (657) HCS ST LOUIS MO,4436,4329.0,4441,4825,5076,5125,0.0263212435233,"(V15) (657) Poplar Bluff, MO",11284,10400,0.9217,3.57,"(V15) (657) Marion, IL",21126,19407,0.9186,4.64
119,"(V15) (657) Marion, IL",28290,15.61,"25,830",0.91,15,657,True,657,127,(V15) (657) HCS ST LOUIS MO,4436,4329.0,4441,4825,5076,5125,0.0263212435233,"(V15) (657) Poplar Bluff, MO",11284,10400,0.9217,3.57,"(V15) (657) Poplar Bluff, MO",11284,10400,0.9217,3.57
120,"(V15) (657) Marion, IL",28290,15.61,"25,830",0.91,15,657,True,657,127,(V15) (657) HCS ST LOUIS MO,4436,4329.0,4441,4825,5076,5125,0.0263212435233,"(V15) (657) Poplar Bluff, MO",11284,10400,0.9217,3.57,"(V15) (657) St. Louis, MO",54377,53489,0.9837,3.57
121,"(V15) (657) Marion, IL",28290,15.61,"25,830",0.91,15,657,True,657,127,(V15) (657) HCS ST LOUIS MO,4436,4329.0,4441,4825,5076,5125,0.0263212435233,"(V15) (657) St. Louis, MO",54377,53489,0.9837,3.57,"(V15) (657) Marion, IL",21126,19407,0.9186,4.64
122,"(V15) (657) Marion, IL",28290,15.61,"25,830",0.91,15,657,True,657,127,(V15) (657) HCS ST LOUIS MO,4436,4329.0,4441,4825,5076,5125,0.0263212435233,"(V15) (657) St. Louis, MO",54377,53489,0.9837,3.57,"(V15) (657) Poplar Bluff, MO",11284,10400,0.9217,3.57
123,"(V15) (657) Marion, IL",28290,15.61,"25,830",0.91,15,657,True,657,127,(V15) (657) HCS ST LOUIS MO,4436,4329.0,4441,4825,5076,5125,0.0263212435233,"(V15) (657) St. Louis, MO",54377,53489,0.9837,3.57,"(V15) (657) St. Louis, MO",54377,53489,0.9837,3.57
124,"(V16) (502) Alexandria, LA",32722,8.05,"30,250",0.92,16,502,True,502,18,(V16) (502) MC ALEXANDRIA LA,1229,1251.0,1298,1271,1297,1224,0.0141620771046,"(V16) (502) Alexandria, LA",25904,23713,0.9154,4.69,"(V16) (502) Alexandria, LA",25904,23713,0.9154,4.69
125,"(V16) (520) Gulf Coast HCS, MS",47039,11.75,"43,110",0.92,16,520,True,520,29,(V16) (520) MC BILOXI MS,1817,1924.0,2125,2172,2289,2235,0.0133517495396,"(V16) (520) Gulf Coast HCS, MS",49790,41519,0.8339,14.8,"(V16) (520) Gulf Coast HCS, MS",49790,41519,0.8339,14.8
126,"(V16) (564) Fayetteville, AR",49205,2.47,"47,680",0.97,16,564,True,564,20,(V16) (564) MC FAYETTEVILLE AR,1252,1252.0,1413,1482,1507,1449,0.0134952766532,"(V16) (564) Fayetteville, AR",35151,32438,0.9228,2.86,"(V16) (564) Fayetteville, AR",35151,32438,0.9228,2.86
127,"(V16) (580) Houston, TX",100308,4.73,"96,749",0.96,16,580,True,580,55,(V16) (580) MC HOUSTON TX,3779,3905.0,4180,4547,4723,4840,0.0120958873983,"(V16) (580) Houston, TX",97792,89102,0.9111,12.43,"(V16) (580) Houston, TX",97792,89102,0.9111,12.43
128,"(V16) (586) Jackson, MS",40552,12.71,"37,341",0.92,16,586,True,586,32,(V16) (586) MC JACKSON MS,2013,2087.0,2141,2173,2074,1949,0.0147261849977,"(V16) (586) Jackson, MS",37993,36642,0.9644,6.03,"(V16) (586) Jackson, MS",37993,36642,0.9644,6.03
129,"(V16) (598) Little Rock, AR",86468,5.14,"83,169",0.96,16,598,True,598,32,(V16) (598) MC LITTLE ROCK AR,3167,3170.0,3343,3316,3376,3461,0.00965018094089,"(V16) (598) Little Rock, AR",61736,59104,0.9574,8.37,"(V16) (598) Little Rock, AR",61736,59104,0.9574,8.37
130,"(V16) (623) Muskogee, OK",31346,6.19,"29,036",0.93,16,623,True,623,20,(V16) (623) MC MUSKOGEE OK,1168,1150.0,1206,1257,1314,1318,0.0159108989658,"(V16) (623) Muskogee, OK",21717,21187,0.9756,3.41,"(V16) (623) Muskogee, OK",21717,21187,0.9756,3.41
131,"(V16) (629) New Orleans, LA",43797,6.51,"41,248",0.94,16,629,True,629,33,(V16) (629) MC NEW ORLEANS LA,1217,1255.0,1311,1350,1442,1668,0.0244444444444,"(V16) (629) New Orleans, LA",40370,35113,0.8698,11.77,"(V16) (629) New Orleans, LA",40370,35113,0.8698,11.77
132,"(V16) (635) Oklahoma City, OK",54169,2.43,"51,272",0.95,16,635,True,635,59,(V16) (635) MC OKLAHOMA CITY OK,1878,1894.0,1977,2095,2218,2349,0.0281622911695,"(V16) (635) Oklahoma City, OK",33283,31919,0.959,4.41,"(V16) (635) Oklahoma City, OK",33283,31919,0.959,4.41
133,"(V16) (667) Shreveport, LA",46476,6.9,"43,906",0.94,16,667,True,667,27,(V16) (667) MC SHREVEPORT LA,1442,1439.0,1472,1516,1539,1455,0.0178100263852,"(V16) (667) Shreveport, LA",35854,35000,0.9762,4.82,"(V16) (667) Shreveport, LA",35854,35000,0.9762,4.82
134,"(V17) (549) Dallas, TX",108704,7.0,"105,755",0.97,17,549,True,549,103,(V17) (549) HCS DALLAS TX,4317,4409.0,4654,4771,4768,5236,0.021588765458,"(V17) (549) Dallas, TX",83453,80028,0.959,5.28,"(V17) (549) Dallas, TX",83453,80028,0.959,5.28
135,"(V17) (671) San Antonio, TX",96743,5.98,"88,972",0.92,17,671,True,671,41,(V17) (671) HCS SAN ANTONIO TX,3490,3381.0,3512,3559,3615,3761,0.0115200899129,"(V17) (671) San Antonio, TX",52506,47928,0.9128,9.35,"(V17) (671) San Antonio, TX",52506,47928,0.9128,9.35
136,"(V17) (674) Temple, TX",103943,10.04,"95,790",0.92,17,674,True,674,31,(V17) (674) HCS TEMPLE TX,3529,3345.0,3488,3686,3711,3909,0.00841020075963,"(V17) (674) Temple, TX",78890,72071,0.9136,11.98,"(V17) (674) Temple, TX",78890,72071,0.9136,11.98
137,(V17) (740) VA Texas Valley Coastal Bend HCS,20791,17.65,"18,510",0.89,17,740,True,740,9,(V17) (740) HCS HARLINGEN TX,437,502.0,611,687,746,830,0.0131004366812,(V17) (740) VA Texas Valley Coastal Bend HCS,16935,14781,0.8728,23.8,(V17) (740) VA Texas Valley Coastal Bend HCS,16935,14781,0.8728,23.8
138,(V18) (501) New Mexico HCS,56152,7.67,"51,880",0.92,18,501,True,501,66,(V18) (501) HCS ALBUQUERQUE NM,2340,2370.0,2308,2384,2515,2616,0.0276845637584,(V18) (501) New Mexico HCS,42373,36622,0.8643,16.98,(V18) (501) New Mexico HCS,42373,36622,0.8643,16.98
139,"(V18) (504) Amarillo, TX",21802,22.5,"17,937",0.82,18,504,True,504,41,(V18) (504) MC AMARILLO TX,1021,983.0,954,998,1088,1058,0.0410821643287,"(V18) (504) Amarillo, TX",19467,18047,0.9271,19.32,"(V18) (504) Amarillo, TX",19467,18047,0.9271,19.32
140,"(V18) (519) Big Spring, TX",10575,5.44,"9,978",0.94,18,519,True,519,42,(V18) (519) MC BIG SPRING TX,552,565.0,565,525,564,602,0.08,"(V18) (519) Big Spring, TX",7137,6786,0.9508,7.11,"(V18) (519) Big Spring, TX",7137,6786,0.9508,7.11
141,"(V18) (644) Phoenix, AZ",89835,9.14,"81,669",0.91,18,644,True,644,91,(V18) (644) MC PHOENIX AZ,2398,2368.0,2443,2631,2981,3270,0.034587609274,"(V18) (644) Phoenix, AZ",68521,60214,0.8788,12.49,"(V18) (644) Phoenix, AZ",68521,60214,0.8788,12.49
142,(V18) (649) Northern Arizona HCS,16404,9.03,"14,417",0.88,18,649,True,649,16,(V18) (649) HCS PRESCOTT AZ,930,880.0,910,932,1038,1077,0.0171673819742,(V18) (649) Northern Arizona HCS,13412,11862,0.8844,8.57,(V18) (649) Northern Arizona HCS,13412,11862,0.8844,8.57
143,(V18) (678) Southern Arizona HCS,54592,6.21,"50,625",0.93,18,678,True,678,67,(V18) (678) HCS TUCSON AZ,2215,2242.0,2219,2259,2395,2493,0.0296591412129,(V18) (678) Southern Arizona HCS,42340,39601,0.9353,10.08,(V18) (678) Southern Arizona HCS,42340,39601,0.9353,10.08
144,"(V18) (756) El Paso, TX",44429,12.5,"41,927",0.94,18,756,True,756,31,(V18) (756) OC EL PASO TX,627,672.0,708,753,814,872,0.0411686586985,"(V18) (756) El Paso, TX",31077,27372,0.8808,8.5,"(V18) (756) El Paso, TX",31077,27372,0.8808,8.5
145,(V19) (436) Montana HCS,25439,15.41,"21,004",0.83,19,436,True,436,13,(V19) (436) HCS FT HARRISON MT,1031,1034.0,1133,1253,1223,1219,0.0103750997606,(V19) (436) Montana HCS,18288,16599,0.9076,15.45,(V19) (436) Montana HCS,18288,16599,0.9076,15.45
146,"(V19) (442) Cheyenne, WY",18174,4.56,"16,409",0.9,19,442,True,442,22,(V19) (442) MROC CHEYENNE WY,573,586.0,636,694,758,853,0.0317002881844,"(V19) (442) Cheyenne, WY",13635,12742,0.9345,5.12,"(V19) (442) Cheyenne, WY",13635,12742,0.9345,5.12
147,"(V19) (554) Denver, CO",76858,15.38,"63,147",0.82,19,554,True,554,46,(V19) (554) HCS DENVER CO,2377,2472.0,2511,2487,2831,3057,0.0184961801367,"(V19) (554) Denver, CO",62583,53683,0.8578,9.56,"(V19) (554) Denver, CO",62583,53683,0.8578,9.56
148,"(V19) (575) Grand Junction, CO",10929,16.72,"9,952",0.91,19,575,True,575,14,(V19) (575) MC GR JUNCTION CO,582,587.0,583,590,625,651,0.0237288135593,"(V19) (575) Grand Junction, CO",8654,8286,0.9575,3.33,"(V19) (575) Grand Junction, CO",8654,8286,0.9575,3.33
149,"(V19) (660) Salt Lake City, UT",44812,9.23,"37,915",0.85,19,660,True,660,26,(V19) (660) HCS SALT LAKE CITYUT,1964,1962.0,2028,2119,2328,2407,0.0122699386503,"(V19) (660) Salt Lake City, UT",27935,25037,0.8963,12.95,"(V19) (660) Salt Lake City, UT",27935,25037,0.8963,12.95
150,"(V20) (463) Anchorage, AK",6568,2.98,"6,282",0.96,20,463,True,463,8,(V20) (463) HCSROANCHORAGE AK,548,510.0,473,506,504,528,0.0158102766798,"(V20) (463) Anchorage, AK",5982,5784,0.9669,4.36,"(V20) (463) Anchorage, AK",5982,5784,0.9669,4.36
151,"(V20) (531) Boise, ID",18531,13.53,"14,971",0.81,20,531,True,531,24,(V20) (531) MC BOISE ID,1022,1018.0,1037,1079,1164,1207,0.0222428174235,"(V20) (531) Boise, ID",14163,12552,0.8863,1.86,"(V20) (531) Boise, ID",14163,12552,0.8863,1.86
152,"(V20) (648) Portland, OR",78504,9.88,"68,820",0.88,20,648,True,648,51,(V20) (648) MC PORTLAND OR,3343,3463.0,3566,3742,3728,3789,0.0136290753608,"(V20) (648) Portland, OR",73666,68572,0.9309,12.99,"(V20) (648) Portland, OR",73666,68572,0.9309,12.99
153,"(V20) (653) Roseburg, OR",26147,7.9,"22,739",0.87,20,653,True,653,21,(V20) (653) HCS ROSEBURG OR,820,825.0,837,844,946,1116,0.0248815165877,"(V20) (653) Roseburg, OR",21587,20369,0.9436,10.25,"(V20) (653) Roseburg, OR",21587,20369,0.9436,10.25
154,"(V20) (663) VA Puget Sound, WA",72506,8.87,"65,921",0.91,20,663,True,663,77,(V20) (663) HCS SEATTLE WA,3346,3402.0,3460,3627,3763,3847,0.021229666391,"(V20) (663) VA Puget Sound, WA",65247,62456,0.9572,6.44,"(V20) (663) VA Puget Sound, WA",65247,62456,0.9572,6.44
155,"(V20) (668) Spokane, WA",20209,9.72,"17,809",0.88,20,668,True,668,28,(V20) (668) MC SPOKANE WA,815,832.0,845,898,953,1060,0.0311804008909,"(V20) (668) Spokane, WA",21514,20266,0.942,3.68,"(V20) (668) Spokane, WA",21514,20266,0.942,3.68
156,"(V20) (687) Walla Walla, WA",8919,11.12,"7,887",0.88,20,687,True,687,3,(V20) (687) MC WALLA WALLA WA,435,430.0,436,469,501,548,0.00639658848614,"(V20) (687) Walla Walla, WA",8025,7282,0.9074,5.4,"(V20) (687) Walla Walla, WA",8025,7282,0.9074,5.4
157,"(V20) (692) White City, OR",10272,13.89,"9,427",0.92,20,692,True,692,5,(V20) (692) SORCCWHITE CITY OR,570,571.0,585,628,686,713,0.00796178343949,"(V20) (692) White City, OR",14702,14261,0.97,4.42,"(V20) (692) White City, OR",14702,14261,0.97,4.42
158,"(V21) (459) Honolulu, HI",20397,7.48,"19,378",0.95,21,459,True,459,53,(V21) (459) HCS HONOLULU HI,749,757.0,846,871,936,1028,0.060849598163,"(V21) (459) Honolulu, HI",14563,14150,0.9716,6.95,"(V21) (459) Honolulu, HI",14563,14150,0.9716,6.95
159,"(V21) (570) Fresno, CA",21131,1.05,"18,709",0.89,21,570,True,570,45,(V21) (570) HCS FRESNO CA,1055,1101.0,1142,1121,1200,1376,0.0401427297056,"(V21) (570) Fresno, CA",17194,15211,0.8847,0.59,"(V21) (570) Fresno, CA",17194,15211,0.8847,0.59
160,"(V21) (612) N. California, CA",71638,11.78,"63,963",0.89,21,612,True,612,35,(V21) (612) HCS MARTINEZ CA,2425,2513.0,2634,2761,3015,3281,0.0126765664614,"(V21) (612) N. California, CA",62511,54337,0.8692,4.82,"(V21) (612) N. California, CA",62511,54337,0.8692,4.82
161,"(V21) (640) Palo Alto, CA",46017,14.19,"41,518",0.9,21,640,True,640,84,(V21) (640) HCS PALO ALTO CA,3791,3823.0,4031,4133,4305,4416,0.0203242196951,"(V21) (640) Palo Alto, CA",49766,46373,0.9318,6.54,"(V21) (640) Palo Alto, CA",49766,46373,0.9318,6.54
162,"(V21) (654) Reno, NV",28100,7.34,"26,538",0.94,21,654,True,654,58,(V21) (654) HCS RENO NV,1113,1130.0,1188,1249,1309,1353,0.0464371497198,"(V21) (654) Reno, NV",26049,23218,0.8913,10.28,"(V21) (654) Reno, NV",26049,23218,0.8913,10.28
163,"(V21) (662) San Francisco, CA",37552,11.36,"35,218",0.94,21,662,True,662,54,(V21) (662) MC SAN FRANCISCO CA,2194,2296.0,2388,2560,2654,2875,0.02109375,"(V21) (662) San Francisco, CA",28503,26328,0.9237,11.75,"(V21) (662) San Francisco, CA",28503,26328,0.9237,11.75
164,"(V22) (593) Las Vegas, NV",71115,10.65,"60,572",0.85,22,593,True,593,45,(V22) (593) MC LAS VEGAS NV,1376,1677.0,1967,2078,2302,2372,0.0216554379211,"(V22) (593) Las Vegas, NV",55370,50927,0.9198,6.4,"(V22) (593) Las Vegas, NV",55370,50927,0.9198,6.4
165,"(V22) (600) Long Beach, CA",54129,9.55,"49,631",0.92,22,600,True,600,48,(V22) (600) HCS LONG BEACH CA,2308,2358.0,2343,2361,2597,2798,0.0203303684879,"(V22) (600) Long Beach, CA",49174,47535,0.9667,8.78,"(V22) (600) Long Beach, CA",49174,47535,0.9667,8.78
166,"(V22) (605) Loma Linda, CA",89684,11.89,"81,282",0.91,22,605,True,605,87,(V22) (605) MC LOMA LINDA CA,2374,2341.0,2431,2489,2608,2809,0.0349537967055,"(V22) (605) Loma Linda, CA",62831,58193,0.9262,8.0,"(V22) (605) Loma Linda, CA",62831,58193,0.9262,8.0
167,"(V22) (664) San Diego, CA",69001,5.48,"62,142",0.9,22,664,True,664,54,(V22) (664) HCS SAN DIEGO CA,2775,2815.0,2991,3028,3158,3173,0.0178335535007,"(V22) (664) San Diego, CA",61038,55299,0.906,6.67,"(V22) (664) San Diego, CA",61038,55299,0.906,6.67
168,(V22) (691) Greater Los Angeles HCS,89208,10.48,"76,143",0.85,22,691,True,691,38,(V22) (691) HCS W/LOS ANGELES CA,4891,4868.0,4844,5041,5137,5090,0.00753818686768,(V22) (691) Greater Los Angeles HCS,80701,72671,0.9005,6.46,(V22) (691) Greater Los Angeles HCS,80701,72671,0.9005,6.46
169,"(V23) (437) Fargo, ND",24115,4.81,"22,176",0.92,23,437,True,437,19,(V23) (437) HCS FARGO ND,893,882.0,934,996,1048,1086,0.0190763052209,"(V23) (437) Fargo, ND",17514,16729,0.9552,5.39,"(V23) (437) Fargo, ND",17514,16729,0.9552,5.39
170,"(V23) (438) Sioux Falls, SD",26511,3.57,"23,773",0.9,23,438,True,438,19,(V23) (438) HCS SIOUX FALLS SD,898,857.0,898,942,1012,1067,0.02016985138,"(V23) (438) Sioux Falls, SD",19971,19243,0.9635,3.91,"(V23) (438) Sioux Falls, SD",19971,19243,0.9635,3.91
171,"(V23) (568) Black Hills HCS, SD",12849,4.86,"11,365",0.88,23,568,True,568,7,(V23) (568) HCS FORT MEADE SD,1093,1036.0,1043,1059,1105,1101,0.00661000944287,"(V23) (568) Black Hills HCS, SD",12773,12034,0.9421,4.03,"(V23) (568) Black Hills HCS, SD",12773,12034,0.9421,4.03
172,"(V23) (618) Minneapolis, MN",76039,5.55,"71,687",0.94,23,618,True,618,29,(V23) (618) HCS MINNEAPOLIS MN,3461,3421.0,3529,3662,3715,3894,0.00791916985254,"(V23) (618) Minneapolis, MN",67476,65385,0.969,4.57,"(V23) (618) Minneapolis, MN",67476,65385,0.969,4.57
173,"(V23) (636) Central Iowa, IA",21146,5.55,"18,900",0.89,23,636,True,636,23,(V23) (636) HCS OMAHA NE,4786,4695.0,4839,5240,5431,5499,0.0043893129771,"(V23) (636) Central Iowa, IA",20957,19860,0.9477,7.7,"(V23) (636) Central Iowa, IA",20957,19860,0.9477,7.7
174,"(V23) (636) Central Iowa, IA",21146,5.55,"18,900",0.89,23,636,True,636,23,(V23) (636) HCS OMAHA NE,4786,4695.0,4839,5240,5431,5499,0.0043893129771,"(V23) (636) Central Iowa, IA",20957,19860,0.9477,7.7,"(V23) (636) Iowa City, IA",31302,29714,0.9493,6.79
175,"(V23) (636) Central Iowa, IA",21146,5.55,"18,900",0.89,23,636,True,636,23,(V23) (636) HCS OMAHA NE,4786,4695.0,4839,5240,5431,5499,0.0043893129771,"(V23) (636) Central Iowa, IA",20957,19860,0.9477,7.7,"(V23) (636) Nebraska‰ÛW Iowa, NE",36985,36680,0.9918,2.24
176,"(V23) (636) Central Iowa, IA",21146,5.55,"18,900",0.89,23,636,True,636,23,(V23) (636) HCS OMAHA NE,4786,4695.0,4839,5240,5431,5499,0.0043893129771,"(V23) (636) Iowa City, IA",31302,29714,0.9493,6.79,"(V23) (636) Central Iowa, IA",20957,19860,0.9477,7.7
177,"(V23) (636) Central Iowa, IA",21146,5.55,"18,900",0.89,23,636,True,636,23,(V23) (636) HCS OMAHA NE,4786,4695.0,4839,5240,5431,5499,0.0043893129771,"(V23) (636) Iowa City, IA",31302,29714,0.9493,6.79,"(V23) (636) Iowa City, IA",31302,29714,0.9493,6.79
178,"(V23) (636) Central Iowa, IA",21146,5.55,"18,900",0.89,23,636,True,636,23,(V23) (636) HCS OMAHA NE,4786,4695.0,4839,5240,5431,5499,0.0043893129771,"(V23) (636) Iowa City, IA",31302,29714,0.9493,6.79,"(V23) (636) Nebraska‰ÛW Iowa, NE",36985,36680,0.9918,2.24
179,"(V23) (636) Central Iowa, IA",21146,5.55,"18,900",0.89,23,636,True,636,23,(V23) (636) HCS OMAHA NE,4786,4695.0,4839,5240,5431,5499,0.0043893129771,"(V23) (636) Nebraska‰ÛW Iowa, NE",36985,36680,0.9918,2.24,"(V23) (636) Central Iowa, IA",20957,19860,0.9477,7.7
180,"(V23) (636) Central Iowa, IA",21146,5.55,"18,900",0.89,23,636,True,636,23,(V23) (636) HCS OMAHA NE,4786,4695.0,4839,5240,5431,5499,0.0043893129771,"(V23) (636) Nebraska‰ÛW Iowa, NE",36985,36680,0.9918,2.24,"(V23) (636) Iowa City, IA",31302,29714,0.9493,6.79
181,"(V23) (636) Central Iowa, IA",21146,5.55,"18,900",0.89,23,636,True,636,23,(V23) (636) HCS OMAHA NE,4786,4695.0,4839,5240,5431,5499,0.0043893129771,"(V23) (636) Nebraska‰ÛW Iowa, NE",36985,36680,0.9918,2.24,"(V23) (636) Nebraska‰ÛW Iowa, NE",36985,36680,0.9918,2.24
182,"(V23) (656) St. Cloud, MN",37504,6.46,"35,135",0.94,23,656,True,656,29,(V23) (656) HCS ST CLOUD MN,1487,1483.0,1551,1642,1670,1706,0.0176613885505,"(V23) (656) St. Cloud, MN",31130,29980,0.9631,2.82,"(V23) (656) St. Cloud, MN",31130,29980,0.9631,2.82
