station_id,facility_id,name,ref_date,visn_id,state,date,employees
402,99999,HCS TOGUS,2016-05-31,01,ME,2011-05-31,1293
402,99999,HCS TOGUS,2016-05-31,01,ME,2012-05-31,1272
402,99999,HCS TOGUS,2016-05-31,01,ME,2013-05-31,1248
402,99999,HCS TOGUS,2016-05-31,01,ME,2014-05-31,1283
402,99999,HCS TOGUS,2016-05-31,01,ME,2015-05-31,1335
402,99999,HCS TOGUS,2016-05-31,01,ME,2016-05-31,1446
405,99999,MROC WHT RIVER JCT,2016-05-31,01,VT,2011-05-31,852
405,99999,MROC WHT RIVER JCT,2016-05-31,01,VT,2012-05-31,853
405,99999,MROC WHT RIVER JCT,2016-05-31,01,VT,2013-05-31,881
405,99999,MROC WHT RIVER JCT,2016-05-31,01,VT,2014-05-31,921
405,99999,MROC WHT RIVER JCT,2016-05-31,01,VT,2015-05-31,1022
405,99999,MROC WHT RIVER JCT,2016-05-31,01,VT,2016-05-31,1177
478,99999,V1HCSBEDFORD,2016-05-31,01,MA,2011-05-31,30
478,99999,V1HCSBEDFORD,2016-05-31,01,MA,2012-05-31,36
478,99999,V1HCSBEDFORD,2016-05-31,01,MA,2013-05-31,34
478,99999,V1HCSBEDFORD,2016-05-31,01,MA,2014-05-31,53
478,99999,V1HCSBEDFORD,2016-05-31,01,MA,2015-05-31,48
478,99999,V1HCSBEDFORD,2016-05-31,01,MA,2016-05-31,42
518,99999,MC BEDFORD,2016-05-31,01,MA,2011-05-31,1313
518,99999,MC BEDFORD,2016-05-31,01,MA,2012-05-31,1265
518,99999,MC BEDFORD,2016-05-31,01,MA,2013-05-31,1245
518,99999,MC BEDFORD,2016-05-31,01,MA,2014-05-31,1251
518,99999,MC BEDFORD,2016-05-31,01,MA,2015-05-31,1297
518,99999,MC BEDFORD,2016-05-31,01,MA,2016-05-31,1352
523,99999,HCS BOSTON,2016-05-31,01,MA,2011-05-31,4022
523,99999,HCS BOSTON,2016-05-31,01,MA,2012-05-31,4011
523,99999,HCS BOSTON,2016-05-31,01,MA,2013-05-31,4041
523,99999,HCS BOSTON,2016-05-31,01,MA,2014-05-31,4032
523,99999,HCS BOSTON,2016-05-31,01,MA,2015-05-31,4123
523,99999,HCS BOSTON,2016-05-31,01,MA,2016-05-31,4303
608,99999,MC MANCHESTER,2016-05-31,01,NH,2011-05-31,663
608,99999,MC MANCHESTER,2016-05-31,01,NH,2012-05-31,683
608,99999,MC MANCHESTER,2016-05-31,01,NH,2013-05-31,691
608,99999,MC MANCHESTER,2016-05-31,01,NH,2014-05-31,686
608,99999,MC MANCHESTER,2016-05-31,01,NH,2015-05-31,759
608,99999,MC MANCHESTER,2016-05-31,01,NH,2016-05-31,803
631,99999,MC NORTHAMPTON,2016-05-31,01,MA,2011-05-31,639
631,99999,MC NORTHAMPTON,2016-05-31,01,MA,2012-05-31,726
631,99999,MC NORTHAMPTON,2016-05-31,01,MA,2013-05-31,767
631,99999,MC NORTHAMPTON,2016-05-31,01,MA,2014-05-31,795
631,99999,MC NORTHAMPTON,2016-05-31,01,MA,2015-05-31,803
631,99999,MC NORTHAMPTON,2016-05-31,01,MA,2016-05-31,876
650,99999,MC PROVIDENCE,2016-05-31,01,RI,2011-05-31,1215
650,99999,MC PROVIDENCE,2016-05-31,01,RI,2012-05-31,1262
650,99999,MC PROVIDENCE,2016-05-31,01,RI,2013-05-31,1279
650,99999,MC PROVIDENCE,2016-05-31,01,RI,2014-05-31,1342
650,99999,MC PROVIDENCE,2016-05-31,01,RI,2015-05-31,1406
650,99999,MC PROVIDENCE,2016-05-31,01,RI,2016-05-31,1474
689,99999,HCS WEST HAVEN,2016-05-31,01,CT,2011-05-31,2477
689,99999,HCS WEST HAVEN,2016-05-31,01,CT,2012-05-31,2541
689,99999,HCS WEST HAVEN,2016-05-31,01,CT,2013-05-31,2623
689,99999,HCS WEST HAVEN,2016-05-31,01,CT,2014-05-31,2812
689,99999,HCS WEST HAVEN,2016-05-31,01,CT,2015-05-31,2926
689,99999,HCS WEST HAVEN,2016-05-31,01,CT,2016-05-31,2972
479,99999,V2HCNALBANY,2016-05-31,02,NY,2011-05-31,22
479,99999,V2HCNALBANY,2016-05-31,02,NY,2012-05-31,48
479,99999,V2HCNALBANY,2016-05-31,02,NY,2013-05-31,55
479,99999,V2HCNALBANY,2016-05-31,02,NY,2014-05-31,48
479,99999,V2HCNALBANY,2016-05-31,02,NY,2015-05-31,47
479,99999,V2HCNALBANY,2016-05-31,02,NY,2016-05-31,50
528,99999,HCS BUFFALO,2016-05-31,02,NY,2011-05-31,6584
528,99999,HCS BUFFALO,2016-05-31,02,NY,2012-05-31,6624
528,99999,HCS BUFFALO,2016-05-31,02,NY,2013-05-31,6566
528,99999,HCS BUFFALO,2016-05-31,02,NY,2014-05-31,6678
528,99999,HCS BUFFALO,2016-05-31,02,NY,2015-05-31,6751
528,99999,HCS BUFFALO,2016-05-31,02,NY,2016-05-31,6735
480,99999,V3HCNNEW YORK,2016-05-31,03,NY,2011-05-31,43
480,99999,V3HCNNEW YORK,2016-05-31,03,NY,2012-05-31,46
480,99999,V3HCNNEW YORK,2016-05-31,03,NY,2013-05-31,51
480,99999,V3HCNNEW YORK,2016-05-31,03,NY,2014-05-31,61
480,99999,V3HCNNEW YORK,2016-05-31,03,NY,2015-05-31,53
480,99999,V3HCNNEW YORK,2016-05-31,03,NY,2016-05-31,53
526,99999,MC BRONX,2016-05-31,03,NY,2011-05-31,1898
526,99999,MC BRONX,2016-05-31,03,NY,2012-05-31,1819
526,99999,MC BRONX,2016-05-31,03,NY,2013-05-31,1756
526,99999,MC BRONX,2016-05-31,03,NY,2014-05-31,1777
526,99999,MC BRONX,2016-05-31,03,NY,2015-05-31,1827
526,99999,MC BRONX,2016-05-31,03,NY,2016-05-31,1892
561,99999,HCS EAST ORANGE,2016-05-31,03,NJ,2011-05-31,2795
561,99999,HCS EAST ORANGE,2016-05-31,03,NJ,2012-05-31,2762
561,99999,HCS EAST ORANGE,2016-05-31,03,NJ,2013-05-31,2820
561,99999,HCS EAST ORANGE,2016-05-31,03,NJ,2014-05-31,2813
561,99999,HCS EAST ORANGE,2016-05-31,03,NJ,2015-05-31,2805
561,99999,HCS EAST ORANGE,2016-05-31,03,NJ,2016-05-31,2863
620,99999,HCS MONTROSE,2016-05-31,03,NY,2011-05-31,1553
620,99999,HCS MONTROSE,2016-05-31,03,NY,2012-05-31,1532
620,99999,HCS MONTROSE,2016-05-31,03,NY,2013-05-31,1543
620,99999,HCS MONTROSE,2016-05-31,03,NY,2014-05-31,1557
620,99999,HCS MONTROSE,2016-05-31,03,NY,2015-05-31,1496
620,99999,HCS MONTROSE,2016-05-31,03,NY,2016-05-31,1471
630,99999,HCS NEW YORK,2016-05-31,03,NY,2011-05-31,3650
630,99999,HCS NEW YORK,2016-05-31,03,NY,2012-05-31,3587
630,99999,HCS NEW YORK,2016-05-31,03,NY,2013-05-31,3547
630,99999,HCS NEW YORK,2016-05-31,03,NY,2014-05-31,3679
630,99999,HCS NEW YORK,2016-05-31,03,NY,2015-05-31,3668
630,99999,HCS NEW YORK,2016-05-31,03,NY,2016-05-31,3567
632,99999,MC NORTHPORT L I,2016-05-31,03,NY,2011-05-31,1816
632,99999,MC NORTHPORT L I,2016-05-31,03,NY,2012-05-31,1856
632,99999,MC NORTHPORT L I,2016-05-31,03,NY,2013-05-31,1912
632,99999,MC NORTHPORT L I,2016-05-31,03,NY,2014-05-31,1895
632,99999,MC NORTHPORT L I,2016-05-31,03,NY,2015-05-31,1901
632,99999,MC NORTHPORT L I,2016-05-31,03,NY,2016-05-31,1875
460,99999,MROC WILMINGTON,2016-05-31,04,DE,2011-05-31,916
460,99999,MROC WILMINGTON,2016-05-31,04,DE,2012-05-31,916
460,99999,MROC WILMINGTON,2016-05-31,04,DE,2013-05-31,941
460,99999,MROC WILMINGTON,2016-05-31,04,DE,2014-05-31,933
460,99999,MROC WILMINGTON,2016-05-31,04,DE,2015-05-31,940
460,99999,MROC WILMINGTON,2016-05-31,04,DE,2016-05-31,915
481,99999,V4HCSPITTSBURGH,2016-05-31,04,PA,2011-05-31,71
481,99999,V4HCSPITTSBURGH,2016-05-31,04,PA,2012-05-31,61
481,99999,V4HCSPITTSBURGH,2016-05-31,04,PA,2013-05-31,54
481,99999,V4HCSPITTSBURGH,2016-05-31,04,PA,2014-05-31,54
481,99999,V4HCSPITTSBURGH,2016-05-31,04,PA,2015-05-31,47
481,99999,V4HCSPITTSBURGH,2016-05-31,04,PA,2016-05-31,52
503,99999,MC ALTOONA,2016-05-31,04,PA,2011-05-31,637
503,99999,MC ALTOONA,2016-05-31,04,PA,2012-05-31,615
503,99999,MC ALTOONA,2016-05-31,04,PA,2013-05-31,625
503,99999,MC ALTOONA,2016-05-31,04,PA,2014-05-31,657
503,99999,MC ALTOONA,2016-05-31,04,PA,2015-05-31,681
503,99999,MC ALTOONA,2016-05-31,04,PA,2016-05-31,670
529,99999,MC BUTLER,2016-05-31,04,PA,2011-05-31,589
529,99999,MC BUTLER,2016-05-31,04,PA,2012-05-31,569
529,99999,MC BUTLER,2016-05-31,04,PA,2013-05-31,565
529,99999,MC BUTLER,2016-05-31,04,PA,2014-05-31,574
529,99999,MC BUTLER,2016-05-31,04,PA,2015-05-31,571
529,99999,MC BUTLER,2016-05-31,04,PA,2016-05-31,577
540,99999,MC CLARKSBURG,2016-05-31,04,WV,2011-05-31,820
540,99999,MC CLARKSBURG,2016-05-31,04,WV,2012-05-31,814
540,99999,MC CLARKSBURG,2016-05-31,04,WV,2013-05-31,860
540,99999,MC CLARKSBURG,2016-05-31,04,WV,2014-05-31,881
540,99999,MC CLARKSBURG,2016-05-31,04,WV,2015-05-31,890
540,99999,MC CLARKSBURG,2016-05-31,04,WV,2016-05-31,927
542,99999,MC COATESVILLE,2016-05-31,04,PA,2011-05-31,1373
542,99999,MC COATESVILLE,2016-05-31,04,PA,2012-05-31,1284
542,99999,MC COATESVILLE,2016-05-31,04,PA,2013-05-31,1261
542,99999,MC COATESVILLE,2016-05-31,04,PA,2014-05-31,1295
542,99999,MC COATESVILLE,2016-05-31,04,PA,2015-05-31,1275
542,99999,MC COATESVILLE,2016-05-31,04,PA,2016-05-31,1222
562,99999,MC ERIE,2016-05-31,04,PA,2011-05-31,678
562,99999,MC ERIE,2016-05-31,04,PA,2012-05-31,669
562,99999,MC ERIE,2016-05-31,04,PA,2013-05-31,660
562,99999,MC ERIE,2016-05-31,04,PA,2014-05-31,689
562,99999,MC ERIE,2016-05-31,04,PA,2015-05-31,713
562,99999,MC ERIE,2016-05-31,04,PA,2016-05-31,693
595,99999,MC LEBANON,2016-05-31,04,PA,2011-05-31,1354
595,99999,MC LEBANON,2016-05-31,04,PA,2012-05-31,1383
595,99999,MC LEBANON,2016-05-31,04,PA,2013-05-31,1333
595,99999,MC LEBANON,2016-05-31,04,PA,2014-05-31,1385
595,99999,MC LEBANON,2016-05-31,04,PA,2015-05-31,1419
595,99999,MC LEBANON,2016-05-31,04,PA,2016-05-31,1468
642,99999,MC PHILADELPHIA,2016-05-31,04,PA,2011-05-31,2192
642,99999,MC PHILADELPHIA,2016-05-31,04,PA,2012-05-31,2125
642,99999,MC PHILADELPHIA,2016-05-31,04,PA,2013-05-31,2202
642,99999,MC PHILADELPHIA,2016-05-31,04,PA,2014-05-31,2312
642,99999,MC PHILADELPHIA,2016-05-31,04,PA,2015-05-31,2374
642,99999,MC PHILADELPHIA,2016-05-31,04,PA,2016-05-31,2373
646,99999,HCS PITTSBURGH,2016-05-31,04,PA,2011-05-31,3343
646,99999,HCS PITTSBURGH,2016-05-31,04,PA,2012-05-31,3119
646,99999,HCS PITTSBURGH,2016-05-31,04,PA,2013-05-31,3192
646,99999,HCS PITTSBURGH,2016-05-31,04,PA,2014-05-31,3406
646,99999,HCS PITTSBURGH,2016-05-31,04,PA,2015-05-31,3672
646,99999,HCS PITTSBURGH,2016-05-31,04,PA,2016-05-31,3647
693,99999,MC WILKES BARRE,2016-05-31,04,PA,2011-05-31,1138
693,99999,MC WILKES BARRE,2016-05-31,04,PA,2012-05-31,1123
693,99999,MC WILKES BARRE,2016-05-31,04,PA,2013-05-31,1136
693,99999,MC WILKES BARRE,2016-05-31,04,PA,2014-05-31,1198
693,99999,MC WILKES BARRE,2016-05-31,04,PA,2015-05-31,1253
693,99999,MC WILKES BARRE,2016-05-31,04,PA,2016-05-31,1256
482,99999,V5HCNLINTHICUM HTS,2016-05-31,05,MD,2011-05-31,51
482,99999,V5HCNLINTHICUM HTS,2016-05-31,05,MD,2012-05-31,55
482,99999,V5HCNLINTHICUM HTS,2016-05-31,05,MD,2013-05-31,55
482,99999,V5HCNLINTHICUM HTS,2016-05-31,05,MD,2014-05-31,56
482,99999,V5HCNLINTHICUM HTS,2016-05-31,05,MD,2015-05-31,48
482,99999,V5HCNLINTHICUM HTS,2016-05-31,05,MD,2016-05-31,48
512,99999,HCS BALTIMORE,2016-05-31,05,MD,2011-05-31,3062
512,99999,HCS BALTIMORE,2016-05-31,05,MD,2012-05-31,3120
512,99999,HCS BALTIMORE,2016-05-31,05,MD,2013-05-31,3194
512,99999,HCS BALTIMORE,2016-05-31,05,MD,2014-05-31,3215
512,99999,HCS BALTIMORE,2016-05-31,05,MD,2015-05-31,3269
512,99999,HCS BALTIMORE,2016-05-31,05,MD,2016-05-31,3411
613,99999,MC MARTINSBURG,2016-05-31,05,WV,2011-05-31,1612
613,99999,MC MARTINSBURG,2016-05-31,05,WV,2012-05-31,1548
613,99999,MC MARTINSBURG,2016-05-31,05,WV,2013-05-31,1616
613,99999,MC MARTINSBURG,2016-05-31,05,WV,2014-05-31,1672
613,99999,MC MARTINSBURG,2016-05-31,05,WV,2015-05-31,1759
613,99999,MC MARTINSBURG,2016-05-31,05,WV,2016-05-31,1805
688,99999,MC WASHINGTON,2016-05-31,05,DC,2011-05-31,2240
688,99999,MC WASHINGTON,2016-05-31,05,DC,2012-05-31,2228
688,99999,MC WASHINGTON,2016-05-31,05,DC,2013-05-31,2249
688,99999,MC WASHINGTON,2016-05-31,05,DC,2014-05-31,2398
688,99999,MC WASHINGTON,2016-05-31,05,DC,2015-05-31,2515
688,99999,MC WASHINGTON,2016-05-31,05,DC,2016-05-31,2465
483,99999,V6HCNDURHAM,2016-05-31,06,NC,2011-05-31,58
483,99999,V6HCNDURHAM,2016-05-31,06,NC,2012-05-31,58
483,99999,V6HCNDURHAM,2016-05-31,06,NC,2013-05-31,50
483,99999,V6HCNDURHAM,2016-05-31,06,NC,2014-05-31,53
483,99999,V6HCNDURHAM,2016-05-31,06,NC,2015-05-31,47
483,99999,V6HCNDURHAM,2016-05-31,06,NC,2016-05-31,47
517,99999,MC BECKLEY,2016-05-31,06,WV,2011-05-31,724
517,99999,MC BECKLEY,2016-05-31,06,WV,2012-05-31,743
517,99999,MC BECKLEY,2016-05-31,06,WV,2013-05-31,762
517,99999,MC BECKLEY,2016-05-31,06,WV,2014-05-31,797
517,99999,MC BECKLEY,2016-05-31,06,WV,2015-05-31,785
517,99999,MC BECKLEY,2016-05-31,06,WV,2016-05-31,767
558,99999,MC DURHAM,2016-05-31,06,NC,2011-05-31,2497
558,99999,MC DURHAM,2016-05-31,06,NC,2012-05-31,2574
558,99999,MC DURHAM,2016-05-31,06,NC,2013-05-31,2911
558,99999,MC DURHAM,2016-05-31,06,NC,2014-05-31,3240
558,99999,MC DURHAM,2016-05-31,06,NC,2015-05-31,3457
558,99999,MC DURHAM,2016-05-31,06,NC,2016-05-31,3458
565,99999,MC FAYETTEVILLE,2016-05-31,06,NC,2011-05-31,1142
565,99999,MC FAYETTEVILLE,2016-05-31,06,NC,2012-05-31,1194
565,99999,MC FAYETTEVILLE,2016-05-31,06,NC,2013-05-31,1283
565,99999,MC FAYETTEVILLE,2016-05-31,06,NC,2014-05-31,1458
565,99999,MC FAYETTEVILLE,2016-05-31,06,NC,2015-05-31,1596
565,99999,MC FAYETTEVILLE,2016-05-31,06,NC,2016-05-31,1881
590,99999,MC HAMPTON,2016-05-31,06,VA,2011-05-31,1593
590,99999,MC HAMPTON,2016-05-31,06,VA,2012-05-31,1586
590,99999,MC HAMPTON,2016-05-31,06,VA,2013-05-31,1651
590,99999,MC HAMPTON,2016-05-31,06,VA,2014-05-31,1703
590,99999,MC HAMPTON,2016-05-31,06,VA,2015-05-31,1771
590,99999,MC HAMPTON,2016-05-31,06,VA,2016-05-31,1805
637,99999,MC ASHEVILLE,2016-05-31,06,NC,2011-05-31,1500
637,99999,MC ASHEVILLE,2016-05-31,06,NC,2012-05-31,1541
637,99999,MC ASHEVILLE,2016-05-31,06,NC,2013-05-31,1588
637,99999,MC ASHEVILLE,2016-05-31,06,NC,2014-05-31,1712
637,99999,MC ASHEVILLE,2016-05-31,06,NC,2015-05-31,1737
637,99999,MC ASHEVILLE,2016-05-31,06,NC,2016-05-31,1798
652,99999,MC RICHMOND,2016-05-31,06,VA,2011-05-31,2296
652,99999,MC RICHMOND,2016-05-31,06,VA,2012-05-31,2460
652,99999,MC RICHMOND,2016-05-31,06,VA,2013-05-31,2631
652,99999,MC RICHMOND,2016-05-31,06,VA,2014-05-31,2729
652,99999,MC RICHMOND,2016-05-31,06,VA,2015-05-31,3001
652,99999,MC RICHMOND,2016-05-31,06,VA,2016-05-31,3333
658,99999,MC SALEM,2016-05-31,06,VA,2011-05-31,1808
658,99999,MC SALEM,2016-05-31,06,VA,2012-05-31,1804
658,99999,MC SALEM,2016-05-31,06,VA,2013-05-31,1922
658,99999,MC SALEM,2016-05-31,06,VA,2014-05-31,1982
658,99999,MC SALEM,2016-05-31,06,VA,2015-05-31,1870
658,99999,MC SALEM,2016-05-31,06,VA,2016-05-31,1907
659,99999,MC SALISBURY,2016-05-31,06,NC,2011-05-31,2159
659,99999,MC SALISBURY,2016-05-31,06,NC,2012-05-31,2131
659,99999,MC SALISBURY,2016-05-31,06,NC,2013-05-31,2258
659,99999,MC SALISBURY,2016-05-31,06,NC,2014-05-31,2450
659,99999,MC SALISBURY,2016-05-31,06,NC,2015-05-31,2582
659,99999,MC SALISBURY,2016-05-31,06,NC,2016-05-31,2721
484,99999,V7SENDULUTH,2016-05-31,07,GA,2011-05-31,50
484,99999,V7SENDULUTH,2016-05-31,07,GA,2012-05-31,52
484,99999,V7SENDULUTH,2016-05-31,07,GA,2013-05-31,50
484,99999,V7SENDULUTH,2016-05-31,07,GA,2014-05-31,39
484,99999,V7SENDULUTH,2016-05-31,07,GA,2015-05-31,39
484,99999,V7SENDULUTH,2016-05-31,07,GA,2016-05-31,44
508,99999,MC ATLANTA,2016-05-31,07,GA,2011-05-31,2983
508,99999,MC ATLANTA,2016-05-31,07,GA,2012-05-31,3121
508,99999,MC ATLANTA,2016-05-31,07,GA,2013-05-31,3382
508,99999,MC ATLANTA,2016-05-31,07,GA,2014-05-31,3712
508,99999,MC ATLANTA,2016-05-31,07,GA,2015-05-31,4028
508,99999,MC ATLANTA,2016-05-31,07,GA,2016-05-31,4487
509,99999,MC AUGUSTA,2016-05-31,07,GA,2011-05-31,2402
509,99999,MC AUGUSTA,2016-05-31,07,GA,2012-05-31,2406
509,99999,MC AUGUSTA,2016-05-31,07,GA,2013-05-31,2381
509,99999,MC AUGUSTA,2016-05-31,07,GA,2014-05-31,2361
509,99999,MC AUGUSTA,2016-05-31,07,GA,2015-05-31,2445
509,99999,MC AUGUSTA,2016-05-31,07,GA,2016-05-31,2512
521,99999,MC BIRMINGHAM,2016-05-31,07,AL,2011-05-31,2095
521,99999,MC BIRMINGHAM,2016-05-31,07,AL,2012-05-31,2072
521,99999,MC BIRMINGHAM,2016-05-31,07,AL,2013-05-31,2154
521,99999,MC BIRMINGHAM,2016-05-31,07,AL,2014-05-31,2237
521,99999,MC BIRMINGHAM,2016-05-31,07,AL,2015-05-31,2396
521,99999,MC BIRMINGHAM,2016-05-31,07,AL,2016-05-31,2537
534,99999,MC CHARLESTON,2016-05-31,07,SC,2011-05-31,1720
534,99999,MC CHARLESTON,2016-05-31,07,SC,2012-05-31,1803
534,99999,MC CHARLESTON,2016-05-31,07,SC,2013-05-31,1873
534,99999,MC CHARLESTON,2016-05-31,07,SC,2014-05-31,1992
534,99999,MC CHARLESTON,2016-05-31,07,SC,2015-05-31,2215
534,99999,MC CHARLESTON,2016-05-31,07,SC,2016-05-31,2409
544,99999,MC COLUMBIA,2016-05-31,07,SC,2011-05-31,1877
544,99999,MC COLUMBIA,2016-05-31,07,SC,2012-05-31,1936
544,99999,MC COLUMBIA,2016-05-31,07,SC,2013-05-31,2057
544,99999,MC COLUMBIA,2016-05-31,07,SC,2014-05-31,2124
544,99999,MC COLUMBIA,2016-05-31,07,SC,2015-05-31,2351
544,99999,MC COLUMBIA,2016-05-31,07,SC,2016-05-31,2487
557,99999,MC DUBLIN,2016-05-31,07,GA,2011-05-31,983
557,99999,MC DUBLIN,2016-05-31,07,GA,2012-05-31,1016
557,99999,MC DUBLIN,2016-05-31,07,GA,2013-05-31,1060
557,99999,MC DUBLIN,2016-05-31,07,GA,2014-05-31,1154
557,99999,MC DUBLIN,2016-05-31,07,GA,2015-05-31,1284
557,99999,MC DUBLIN,2016-05-31,07,GA,2016-05-31,1349
619,99999,HCS MONTGOMERY,2016-05-31,07,AL,2011-05-31,1559
619,99999,HCS MONTGOMERY,2016-05-31,07,AL,2012-05-31,1465
619,99999,HCS MONTGOMERY,2016-05-31,07,AL,2013-05-31,1561
619,99999,HCS MONTGOMERY,2016-05-31,07,AL,2014-05-31,1492
619,99999,HCS MONTGOMERY,2016-05-31,07,AL,2015-05-31,1544
619,99999,HCS MONTGOMERY,2016-05-31,07,AL,2016-05-31,1725
679,99999,MC TUSCALOOSA,2016-05-31,07,AL,2011-05-31,1072
679,99999,MC TUSCALOOSA,2016-05-31,07,AL,2012-05-31,1033
679,99999,MC TUSCALOOSA,2016-05-31,07,AL,2013-05-31,1005
679,99999,MC TUSCALOOSA,2016-05-31,07,AL,2014-05-31,1008
679,99999,MC TUSCALOOSA,2016-05-31,07,AL,2015-05-31,1018
679,99999,MC TUSCALOOSA,2016-05-31,07,AL,2016-05-31,1000
485,99999,V8HCSBAY PINES,2016-05-31,08,FL,2011-05-31,100
485,99999,V8HCSBAY PINES,2016-05-31,08,FL,2012-05-31,106
485,99999,V8HCSBAY PINES,2016-05-31,08,FL,2013-05-31,103
485,99999,V8HCSBAY PINES,2016-05-31,08,FL,2014-05-31,62
485,99999,V8HCSBAY PINES,2016-05-31,08,FL,2015-05-31,54
485,99999,V8HCSBAY PINES,2016-05-31,08,FL,2016-05-31,54
516,99999,MC BAY PINES,2016-05-31,08,FL,2011-05-31,3360
516,99999,MC BAY PINES,2016-05-31,08,FL,2012-05-31,3375
516,99999,MC BAY PINES,2016-05-31,08,FL,2013-05-31,3561
516,99999,MC BAY PINES,2016-05-31,08,FL,2014-05-31,3782
516,99999,MC BAY PINES,2016-05-31,08,FL,2015-05-31,4032
516,99999,MC BAY PINES,2016-05-31,08,FL,2016-05-31,4110
546,99999,MC MIAMI,2016-05-31,08,FL,2011-05-31,2680
546,99999,MC MIAMI,2016-05-31,08,FL,2012-05-31,2592
546,99999,MC MIAMI,2016-05-31,08,FL,2013-05-31,2604
546,99999,MC MIAMI,2016-05-31,08,FL,2014-05-31,2658
546,99999,MC MIAMI,2016-05-31,08,FL,2015-05-31,2754
546,99999,MC MIAMI,2016-05-31,08,FL,2016-05-31,2841
548,99999,MC W PALM BEACH,2016-05-31,08,FL,2011-05-31,2226
548,99999,MC W PALM BEACH,2016-05-31,08,FL,2012-05-31,2228
548,99999,MC W PALM BEACH,2016-05-31,08,FL,2013-05-31,2391
548,99999,MC W PALM BEACH,2016-05-31,08,FL,2014-05-31,2485
548,99999,MC W PALM BEACH,2016-05-31,08,FL,2015-05-31,2596
548,99999,MC W PALM BEACH,2016-05-31,08,FL,2016-05-31,2614
573,99999,HCS GAINESVILLE,2016-05-31,08,FL,2011-05-31,4833
573,99999,HCS GAINESVILLE,2016-05-31,08,FL,2012-05-31,4719
573,99999,HCS GAINESVILLE,2016-05-31,08,FL,2013-05-31,5116
573,99999,HCS GAINESVILLE,2016-05-31,08,FL,2014-05-31,5468
573,99999,HCS GAINESVILLE,2016-05-31,08,FL,2015-05-31,5584
573,99999,HCS GAINESVILLE,2016-05-31,08,FL,2016-05-31,5743
672,99999,MC SAN JUAN,2016-05-31,08,PR,2011-05-31,3346
672,99999,MC SAN JUAN,2016-05-31,08,PR,2012-05-31,3309
672,99999,MC SAN JUAN,2016-05-31,08,PR,2013-05-31,3337
672,99999,MC SAN JUAN,2016-05-31,08,PR,2014-05-31,3349
672,99999,MC SAN JUAN,2016-05-31,08,PR,2015-05-31,3676
672,99999,MC SAN JUAN,2016-05-31,08,PR,2016-05-31,3769
673,99999,MC TAMPA,2016-05-31,08,FL,2011-05-31,4508
673,99999,MC TAMPA,2016-05-31,08,FL,2012-05-31,4269
673,99999,MC TAMPA,2016-05-31,08,FL,2013-05-31,4380
673,99999,MC TAMPA,2016-05-31,08,FL,2014-05-31,4587
673,99999,MC TAMPA,2016-05-31,08,FL,2015-05-31,4763
673,99999,MC TAMPA,2016-05-31,08,FL,2016-05-31,4883
675,99999,MC ORLANDO,2016-05-31,08,FL,2011-05-31,1991
675,99999,MC ORLANDO,2016-05-31,08,FL,2012-05-31,2239
675,99999,MC ORLANDO,2016-05-31,08,FL,2013-05-31,2464
675,99999,MC ORLANDO,2016-05-31,08,FL,2014-05-31,2668
675,99999,MC ORLANDO,2016-05-31,08,FL,2015-05-31,2914
675,99999,MC ORLANDO,2016-05-31,08,FL,2016-05-31,3708
486,99999,V9HCNNASHVILLE,2016-05-31,09,TN,2011-05-31,65
486,99999,V9HCNNASHVILLE,2016-05-31,09,TN,2012-05-31,66
486,99999,V9HCNNASHVILLE,2016-05-31,09,TN,2013-05-31,65
486,99999,V9HCNNASHVILLE,2016-05-31,09,TN,2014-05-31,52
486,99999,V9HCNNASHVILLE,2016-05-31,09,TN,2015-05-31,48
486,99999,V9HCNNASHVILLE,2016-05-31,09,TN,2016-05-31,48
581,99999,MC HUNTINGTON,2016-05-31,09,WV,2011-05-31,1126
581,99999,MC HUNTINGTON,2016-05-31,09,WV,2012-05-31,1119
581,99999,MC HUNTINGTON,2016-05-31,09,WV,2013-05-31,1156
581,99999,MC HUNTINGTON,2016-05-31,09,WV,2014-05-31,1171
581,99999,MC HUNTINGTON,2016-05-31,09,WV,2015-05-31,1229
581,99999,MC HUNTINGTON,2016-05-31,09,WV,2016-05-31,1271
596,99999,MC LEXINGTON,2016-05-31,09,KY,2011-05-31,1783
596,99999,MC LEXINGTON,2016-05-31,09,KY,2012-05-31,1723
596,99999,MC LEXINGTON,2016-05-31,09,KY,2013-05-31,1820
596,99999,MC LEXINGTON,2016-05-31,09,KY,2014-05-31,1905
596,99999,MC LEXINGTON,2016-05-31,09,KY,2015-05-31,1958
596,99999,MC LEXINGTON,2016-05-31,09,KY,2016-05-31,2053
603,99999,MC LOUISVILLE,2016-05-31,09,KY,2011-05-31,1634
603,99999,MC LOUISVILLE,2016-05-31,09,KY,2012-05-31,1665
603,99999,MC LOUISVILLE,2016-05-31,09,KY,2013-05-31,1750
603,99999,MC LOUISVILLE,2016-05-31,09,KY,2014-05-31,1706
603,99999,MC LOUISVILLE,2016-05-31,09,KY,2015-05-31,1841
603,99999,MC LOUISVILLE,2016-05-31,09,KY,2016-05-31,1847
614,99999,MC MEMPHIS,2016-05-31,09,TN,2011-05-31,2253
614,99999,MC MEMPHIS,2016-05-31,09,TN,2012-05-31,2194
614,99999,MC MEMPHIS,2016-05-31,09,TN,2013-05-31,2333
614,99999,MC MEMPHIS,2016-05-31,09,TN,2014-05-31,2327
614,99999,MC MEMPHIS,2016-05-31,09,TN,2015-05-31,2310
614,99999,MC MEMPHIS,2016-05-31,09,TN,2016-05-31,2346
621,99999,MC MOUNTAIN HOME,2016-05-31,09,TN,2011-05-31,2087
621,99999,MC MOUNTAIN HOME,2016-05-31,09,TN,2012-05-31,2078
621,99999,MC MOUNTAIN HOME,2016-05-31,09,TN,2013-05-31,2120
621,99999,MC MOUNTAIN HOME,2016-05-31,09,TN,2014-05-31,2181
621,99999,MC MOUNTAIN HOME,2016-05-31,09,TN,2015-05-31,2280
621,99999,MC MOUNTAIN HOME,2016-05-31,09,TN,2016-05-31,2317
626,99999,HCS NASHVILLE,2016-05-31,09,TN,2011-05-31,3448
626,99999,HCS NASHVILLE,2016-05-31,09,TN,2012-05-31,3488
626,99999,HCS NASHVILLE,2016-05-31,09,TN,2013-05-31,3589
626,99999,HCS NASHVILLE,2016-05-31,09,TN,2014-05-31,3749
626,99999,HCS NASHVILLE,2016-05-31,09,TN,2015-05-31,3975
626,99999,HCS NASHVILLE,2016-05-31,09,TN,2016-05-31,4138
487,99999,V10HSCINCINNATI,2016-05-31,10,OH,2011-05-31,52
487,99999,V10HSCINCINNATI,2016-05-31,10,OH,2012-05-31,46
487,99999,V10HSCINCINNATI,2016-05-31,10,OH,2013-05-31,54
487,99999,V10HSCINCINNATI,2016-05-31,10,OH,2014-05-31,53
487,99999,V10HSCINCINNATI,2016-05-31,10,OH,2015-05-31,51
487,99999,V10HSCINCINNATI,2016-05-31,10,OH,2016-05-31,47
538,99999,MC CHILLICOTHE,2016-05-31,10,OH,2011-05-31,1368
538,99999,MC CHILLICOTHE,2016-05-31,10,OH,2012-05-31,1393
538,99999,MC CHILLICOTHE,2016-05-31,10,OH,2013-05-31,1423
538,99999,MC CHILLICOTHE,2016-05-31,10,OH,2014-05-31,1401
538,99999,MC CHILLICOTHE,2016-05-31,10,OH,2015-05-31,1411
538,99999,MC CHILLICOTHE,2016-05-31,10,OH,2016-05-31,1430
539,99999,MC CINCINNATI,2016-05-31,10,OH,2011-05-31,2043
539,99999,MC CINCINNATI,2016-05-31,10,OH,2012-05-31,2097
539,99999,MC CINCINNATI,2016-05-31,10,OH,2013-05-31,2147
539,99999,MC CINCINNATI,2016-05-31,10,OH,2014-05-31,2172
539,99999,MC CINCINNATI,2016-05-31,10,OH,2015-05-31,2168
539,99999,MC CINCINNATI,2016-05-31,10,OH,2016-05-31,2225
541,99999,MC CLEVELAND,2016-05-31,10,OH,2011-05-31,4516
541,99999,MC CLEVELAND,2016-05-31,10,OH,2012-05-31,4485
541,99999,MC CLEVELAND,2016-05-31,10,OH,2013-05-31,4431
541,99999,MC CLEVELAND,2016-05-31,10,OH,2014-05-31,4518
541,99999,MC CLEVELAND,2016-05-31,10,OH,2015-05-31,4632
541,99999,MC CLEVELAND,2016-05-31,10,OH,2016-05-31,4825
552,99999,MC DAYTON,2016-05-31,10,OH,2011-05-31,2020
552,99999,MC DAYTON,2016-05-31,10,OH,2012-05-31,1978
552,99999,MC DAYTON,2016-05-31,10,OH,2013-05-31,2085
552,99999,MC DAYTON,2016-05-31,10,OH,2014-05-31,2072
552,99999,MC DAYTON,2016-05-31,10,OH,2015-05-31,2162
552,99999,MC DAYTON,2016-05-31,10,OH,2016-05-31,2230
757,99999,ACC COLUMBUS,2016-05-31,10,OH,2011-05-31,886
757,99999,ACC COLUMBUS,2016-05-31,10,OH,2012-05-31,924
757,99999,ACC COLUMBUS,2016-05-31,10,OH,2013-05-31,944
757,99999,ACC COLUMBUS,2016-05-31,10,OH,2014-05-31,1031
757,99999,ACC COLUMBUS,2016-05-31,10,OH,2015-05-31,1093
757,99999,ACC COLUMBUS,2016-05-31,10,OH,2016-05-31,1160
488,99999,V11NWANN ARBOR,2016-05-31,11,MI,2011-05-31,56
488,99999,V11NWANN ARBOR,2016-05-31,11,MI,2012-05-31,70
488,99999,V11NWANN ARBOR,2016-05-31,11,MI,2013-05-31,58
488,99999,V11NWANN ARBOR,2016-05-31,11,MI,2014-05-31,55
488,99999,V11NWANN ARBOR,2016-05-31,11,MI,2015-05-31,46
488,99999,V11NWANN ARBOR,2016-05-31,11,MI,2016-05-31,29
506,99999,HCS ANN ARBOR,2016-05-31,11,MI,2011-05-31,2057
506,99999,HCS ANN ARBOR,2016-05-31,11,MI,2012-05-31,2190
506,99999,HCS ANN ARBOR,2016-05-31,11,MI,2013-05-31,2346
506,99999,HCS ANN ARBOR,2016-05-31,11,MI,2014-05-31,2447
506,99999,HCS ANN ARBOR,2016-05-31,11,MI,2015-05-31,2591
506,99999,HCS ANN ARBOR,2016-05-31,11,MI,2016-05-31,2626
515,99999,MC BATTLE CREEK,2016-05-31,11,MI,2011-05-31,1279
515,99999,MC BATTLE CREEK,2016-05-31,11,MI,2012-05-31,1348
515,99999,MC BATTLE CREEK,2016-05-31,11,MI,2013-05-31,1381
515,99999,MC BATTLE CREEK,2016-05-31,11,MI,2014-05-31,1460
515,99999,MC BATTLE CREEK,2016-05-31,11,MI,2015-05-31,1538
515,99999,MC BATTLE CREEK,2016-05-31,11,MI,2016-05-31,1620
550,99999,MC DANVILLE,2016-05-31,11,IL,2011-05-31,1420
550,99999,MC DANVILLE,2016-05-31,11,IL,2012-05-31,1493
550,99999,MC DANVILLE,2016-05-31,11,IL,2013-05-31,1541
550,99999,MC DANVILLE,2016-05-31,11,IL,2014-05-31,1485
550,99999,MC DANVILLE,2016-05-31,11,IL,2015-05-31,1508
550,99999,MC DANVILLE,2016-05-31,11,IL,2016-05-31,1530
553,99999,MC DETROIT,2016-05-31,11,MI,2011-05-31,1782
553,99999,MC DETROIT,2016-05-31,11,MI,2012-05-31,1928
553,99999,MC DETROIT,2016-05-31,11,MI,2013-05-31,1946
553,99999,MC DETROIT,2016-05-31,11,MI,2014-05-31,1934
553,99999,MC DETROIT,2016-05-31,11,MI,2015-05-31,1987
553,99999,MC DETROIT,2016-05-31,11,MI,2016-05-31,1951
583,99999,MC INDIANAPOLIS,2016-05-31,11,IN,2011-05-31,2358
583,99999,MC INDIANAPOLIS,2016-05-31,11,IN,2012-05-31,2427
583,99999,MC INDIANAPOLIS,2016-05-31,11,IN,2013-05-31,2587
583,99999,MC INDIANAPOLIS,2016-05-31,11,IN,2014-05-31,2653
583,99999,MC INDIANAPOLIS,2016-05-31,11,IN,2015-05-31,2832
583,99999,MC INDIANAPOLIS,2016-05-31,11,IN,2016-05-31,2976
610,99999,HCS MARION,2016-05-31,11,IN,2011-05-31,1411
610,99999,HCS MARION,2016-05-31,11,IN,2012-05-31,1422
610,99999,HCS MARION,2016-05-31,11,IN,2013-05-31,1460
610,99999,HCS MARION,2016-05-31,11,IN,2014-05-31,1456
610,99999,HCS MARION,2016-05-31,11,IN,2015-05-31,1527
610,99999,HCS MARION,2016-05-31,11,IN,2016-05-31,1651
655,99999,MC SAGINAW,2016-05-31,11,MI,2011-05-31,870
655,99999,MC SAGINAW,2016-05-31,11,MI,2012-05-31,910
655,99999,MC SAGINAW,2016-05-31,11,MI,2013-05-31,976
655,99999,MC SAGINAW,2016-05-31,11,MI,2014-05-31,1020
655,99999,MC SAGINAW,2016-05-31,11,MI,2015-05-31,1034
655,99999,MC SAGINAW,2016-05-31,11,MI,2016-05-31,1083
799,99999,NCPS ANN ARBOR,2016-05-31,11,MI,2011-05-31,1
799,99999,NCPS ANN ARBOR,2016-05-31,11,MI,2012-05-31,
799,99999,NCPS ANN ARBOR,2016-05-31,11,MI,2013-05-31,1
799,99999,NCPS ANN ARBOR,2016-05-31,11,MI,2014-05-31,1
799,99999,NCPS ANN ARBOR,2016-05-31,11,MI,2015-05-31,1
799,99999,NCPS ANN ARBOR,2016-05-31,11,MI,2016-05-31,1
489,99999,V12HSHINES,2016-05-31,12,IL,2011-05-31,41
489,99999,V12HSHINES,2016-05-31,12,IL,2012-05-31,43
489,99999,V12HSHINES,2016-05-31,12,IL,2013-05-31,50
489,99999,V12HSHINES,2016-05-31,12,IL,2014-05-31,46
489,99999,V12HSHINES,2016-05-31,12,IL,2015-05-31,34
489,99999,V12HSHINES,2016-05-31,12,IL,2016-05-31,41
537,99999,HCS CHICAGO,2016-05-31,12,IL,2011-05-31,2210
537,99999,HCS CHICAGO,2016-05-31,12,IL,2012-05-31,2205
537,99999,HCS CHICAGO,2016-05-31,12,IL,2013-05-31,2364
537,99999,HCS CHICAGO,2016-05-31,12,IL,2014-05-31,2429
537,99999,HCS CHICAGO,2016-05-31,12,IL,2015-05-31,2371
537,99999,HCS CHICAGO,2016-05-31,12,IL,2016-05-31,2477
556,99999,FHCC NORTH CHICAGO,2016-05-31,12,IL,2011-05-31,1956
556,99999,FHCC NORTH CHICAGO,2016-05-31,12,IL,2012-05-31,2049
556,99999,FHCC NORTH CHICAGO,2016-05-31,12,IL,2013-05-31,2120
556,99999,FHCC NORTH CHICAGO,2016-05-31,12,IL,2014-05-31,2125
556,99999,FHCC NORTH CHICAGO,2016-05-31,12,IL,2015-05-31,2166
556,99999,FHCC NORTH CHICAGO,2016-05-31,12,IL,2016-05-31,2115
578,99999,MC HINES,2016-05-31,12,IL,2011-05-31,3242
578,99999,MC HINES,2016-05-31,12,IL,2012-05-31,3275
578,99999,MC HINES,2016-05-31,12,IL,2013-05-31,3364
578,99999,MC HINES,2016-05-31,12,IL,2014-05-31,3451
578,99999,MC HINES,2016-05-31,12,IL,2015-05-31,3552
578,99999,MC HINES,2016-05-31,12,IL,2016-05-31,3705
585,99999,MC IRON MOUNTAIN,2016-05-31,12,MI,2011-05-31,604
585,99999,MC IRON MOUNTAIN,2016-05-31,12,MI,2012-05-31,613
585,99999,MC IRON MOUNTAIN,2016-05-31,12,MI,2013-05-31,634
585,99999,MC IRON MOUNTAIN,2016-05-31,12,MI,2014-05-31,655
585,99999,MC IRON MOUNTAIN,2016-05-31,12,MI,2015-05-31,667
585,99999,MC IRON MOUNTAIN,2016-05-31,12,MI,2016-05-31,657
607,99999,MC MADISON,2016-05-31,12,WI,2011-05-31,1604
607,99999,MC MADISON,2016-05-31,12,WI,2012-05-31,1675
607,99999,MC MADISON,2016-05-31,12,WI,2013-05-31,1758
607,99999,MC MADISON,2016-05-31,12,WI,2014-05-31,1834
607,99999,MC MADISON,2016-05-31,12,WI,2015-05-31,1882
607,99999,MC MADISON,2016-05-31,12,WI,2016-05-31,1962
676,99999,MC TOMAH,2016-05-31,12,WI,2011-05-31,1016
676,99999,MC TOMAH,2016-05-31,12,WI,2012-05-31,1026
676,99999,MC TOMAH,2016-05-31,12,WI,2013-05-31,1066
676,99999,MC TOMAH,2016-05-31,12,WI,2014-05-31,1095
676,99999,MC TOMAH,2016-05-31,12,WI,2015-05-31,1085
676,99999,MC TOMAH,2016-05-31,12,WI,2016-05-31,1085
695,99999,MC MILWAUKEE,2016-05-31,12,WI,2011-05-31,3332
695,99999,MC MILWAUKEE,2016-05-31,12,WI,2012-05-31,3466
695,99999,MC MILWAUKEE,2016-05-31,12,WI,2013-05-31,3627
695,99999,MC MILWAUKEE,2016-05-31,12,WI,2014-05-31,3740
695,99999,MC MILWAUKEE,2016-05-31,12,WI,2015-05-31,3850
695,99999,MC MILWAUKEE,2016-05-31,12,WI,2016-05-31,4029
491,99999,V15HNKANSAS CITY,2016-05-31,15,MO,2011-05-31,46
491,99999,V15HNKANSAS CITY,2016-05-31,15,MO,2012-05-31,57
491,99999,V15HNKANSAS CITY,2016-05-31,15,MO,2013-05-31,105
491,99999,V15HNKANSAS CITY,2016-05-31,15,MO,2014-05-31,56
491,99999,V15HNKANSAS CITY,2016-05-31,15,MO,2015-05-31,53
491,99999,V15HNKANSAS CITY,2016-05-31,15,MO,2016-05-31,56
589,99999,HCS KANSAS CITY,2016-05-31,15,MO,2011-05-31,5668
589,99999,HCS KANSAS CITY,2016-05-31,15,MO,2012-05-31,5513
589,99999,HCS KANSAS CITY,2016-05-31,15,MO,2013-05-31,5628
589,99999,HCS KANSAS CITY,2016-05-31,15,MO,2014-05-31,5783
589,99999,HCS KANSAS CITY,2016-05-31,15,MO,2015-05-31,6093
589,99999,HCS KANSAS CITY,2016-05-31,15,MO,2016-05-31,6343
657,99999,HCS ST LOUIS,2016-05-31,15,MO,2011-05-31,4436
657,99999,HCS ST LOUIS,2016-05-31,15,MO,2012-05-31,4329
657,99999,HCS ST LOUIS,2016-05-31,15,MO,2013-05-31,4441
657,99999,HCS ST LOUIS,2016-05-31,15,MO,2014-05-31,4825
657,99999,HCS ST LOUIS,2016-05-31,15,MO,2015-05-31,5076
657,99999,HCS ST LOUIS,2016-05-31,15,MO,2016-05-31,5125
492,99999,V16HNJACKSON,2016-05-31,16,MS,2011-05-31,60
492,99999,V16HNJACKSON,2016-05-31,16,MS,2012-05-31,60
492,99999,V16HNJACKSON,2016-05-31,16,MS,2013-05-31,55
492,99999,V16HNJACKSON,2016-05-31,16,MS,2014-05-31,59
492,99999,V16HNJACKSON,2016-05-31,16,MS,2015-05-31,57
492,99999,V16HNJACKSON,2016-05-31,16,MS,2016-05-31,51
502,99999,MC ALEXANDRIA,2016-05-31,16,LA,2011-05-31,1229
502,99999,MC ALEXANDRIA,2016-05-31,16,LA,2012-05-31,1251
502,99999,MC ALEXANDRIA,2016-05-31,16,LA,2013-05-31,1298
502,99999,MC ALEXANDRIA,2016-05-31,16,LA,2014-05-31,1271
502,99999,MC ALEXANDRIA,2016-05-31,16,LA,2015-05-31,1297
502,99999,MC ALEXANDRIA,2016-05-31,16,LA,2016-05-31,1224
520,99999,MC BILOXI,2016-05-31,16,MS,2011-05-31,1817
520,99999,MC BILOXI,2016-05-31,16,MS,2012-05-31,1924
520,99999,MC BILOXI,2016-05-31,16,MS,2013-05-31,2125
520,99999,MC BILOXI,2016-05-31,16,MS,2014-05-31,2172
520,99999,MC BILOXI,2016-05-31,16,MS,2015-05-31,2289
520,99999,MC BILOXI,2016-05-31,16,MS,2016-05-31,2235
564,99999,MC FAYETTEVILLE,2016-05-31,16,AR,2011-05-31,1252
564,99999,MC FAYETTEVILLE,2016-05-31,16,AR,2012-05-31,1252
564,99999,MC FAYETTEVILLE,2016-05-31,16,AR,2013-05-31,1413
564,99999,MC FAYETTEVILLE,2016-05-31,16,AR,2014-05-31,1482
564,99999,MC FAYETTEVILLE,2016-05-31,16,AR,2015-05-31,1507
564,99999,MC FAYETTEVILLE,2016-05-31,16,AR,2016-05-31,1449
580,99999,MC HOUSTON,2016-05-31,16,TX,2011-05-31,3779
580,99999,MC HOUSTON,2016-05-31,16,TX,2012-05-31,3905
580,99999,MC HOUSTON,2016-05-31,16,TX,2013-05-31,4180
580,99999,MC HOUSTON,2016-05-31,16,TX,2014-05-31,4547
580,99999,MC HOUSTON,2016-05-31,16,TX,2015-05-31,4723
580,99999,MC HOUSTON,2016-05-31,16,TX,2016-05-31,4840
586,99999,MC JACKSON,2016-05-31,16,MS,2011-05-31,2013
586,99999,MC JACKSON,2016-05-31,16,MS,2012-05-31,2087
586,99999,MC JACKSON,2016-05-31,16,MS,2013-05-31,2141
586,99999,MC JACKSON,2016-05-31,16,MS,2014-05-31,2173
586,99999,MC JACKSON,2016-05-31,16,MS,2015-05-31,2074
586,99999,MC JACKSON,2016-05-31,16,MS,2016-05-31,1949
598,99999,MC LITTLE ROCK,2016-05-31,16,AR,2011-05-31,3167
598,99999,MC LITTLE ROCK,2016-05-31,16,AR,2012-05-31,3170
598,99999,MC LITTLE ROCK,2016-05-31,16,AR,2013-05-31,3343
598,99999,MC LITTLE ROCK,2016-05-31,16,AR,2014-05-31,3316
598,99999,MC LITTLE ROCK,2016-05-31,16,AR,2015-05-31,3376
598,99999,MC LITTLE ROCK,2016-05-31,16,AR,2016-05-31,3461
623,99999,MC MUSKOGEE,2016-05-31,16,OK,2011-05-31,1168
623,99999,MC MUSKOGEE,2016-05-31,16,OK,2012-05-31,1150
623,99999,MC MUSKOGEE,2016-05-31,16,OK,2013-05-31,1206
623,99999,MC MUSKOGEE,2016-05-31,16,OK,2014-05-31,1257
623,99999,MC MUSKOGEE,2016-05-31,16,OK,2015-05-31,1314
623,99999,MC MUSKOGEE,2016-05-31,16,OK,2016-05-31,1318
629,99999,MC NEW ORLEANS,2016-05-31,16,LA,2011-05-31,1217
629,99999,MC NEW ORLEANS,2016-05-31,16,LA,2012-05-31,1255
629,99999,MC NEW ORLEANS,2016-05-31,16,LA,2013-05-31,1311
629,99999,MC NEW ORLEANS,2016-05-31,16,LA,2014-05-31,1350
629,99999,MC NEW ORLEANS,2016-05-31,16,LA,2015-05-31,1442
629,99999,MC NEW ORLEANS,2016-05-31,16,LA,2016-05-31,1668
635,99999,MC OKLAHOMA CITY,2016-05-31,16,OK,2011-05-31,1878
635,99999,MC OKLAHOMA CITY,2016-05-31,16,OK,2012-05-31,1894
635,99999,MC OKLAHOMA CITY,2016-05-31,16,OK,2013-05-31,1977
635,99999,MC OKLAHOMA CITY,2016-05-31,16,OK,2014-05-31,2095
635,99999,MC OKLAHOMA CITY,2016-05-31,16,OK,2015-05-31,2218
635,99999,MC OKLAHOMA CITY,2016-05-31,16,OK,2016-05-31,2349
667,99999,MC SHREVEPORT,2016-05-31,16,LA,2011-05-31,1442
667,99999,MC SHREVEPORT,2016-05-31,16,LA,2012-05-31,1439
667,99999,MC SHREVEPORT,2016-05-31,16,LA,2013-05-31,1472
667,99999,MC SHREVEPORT,2016-05-31,16,LA,2014-05-31,1516
667,99999,MC SHREVEPORT,2016-05-31,16,LA,2015-05-31,1539
667,99999,MC SHREVEPORT,2016-05-31,16,LA,2016-05-31,1455
493,99999,V17HNARLINGTON,2016-05-31,17,TX,2011-05-31,164
493,99999,V17HNARLINGTON,2016-05-31,17,TX,2012-05-31,124
493,99999,V17HNARLINGTON,2016-05-31,17,TX,2013-05-31,55
493,99999,V17HNARLINGTON,2016-05-31,17,TX,2014-05-31,59
493,99999,V17HNARLINGTON,2016-05-31,17,TX,2015-05-31,55
493,99999,V17HNARLINGTON,2016-05-31,17,TX,2016-05-31,50
549,99999,HCS DALLAS,2016-05-31,17,TX,2011-05-31,4317
549,99999,HCS DALLAS,2016-05-31,17,TX,2012-05-31,4409
549,99999,HCS DALLAS,2016-05-31,17,TX,2013-05-31,4654
549,99999,HCS DALLAS,2016-05-31,17,TX,2014-05-31,4771
549,99999,HCS DALLAS,2016-05-31,17,TX,2015-05-31,4768
549,99999,HCS DALLAS,2016-05-31,17,TX,2016-05-31,5236
671,99999,HCS SAN ANTONIO,2016-05-31,17,TX,2011-05-31,3490
671,99999,HCS SAN ANTONIO,2016-05-31,17,TX,2012-05-31,3381
671,99999,HCS SAN ANTONIO,2016-05-31,17,TX,2013-05-31,3512
671,99999,HCS SAN ANTONIO,2016-05-31,17,TX,2014-05-31,3559
671,99999,HCS SAN ANTONIO,2016-05-31,17,TX,2015-05-31,3615
671,99999,HCS SAN ANTONIO,2016-05-31,17,TX,2016-05-31,3761
674,99999,HCS TEMPLE,2016-05-31,17,TX,2011-05-31,3529
674,99999,HCS TEMPLE,2016-05-31,17,TX,2012-05-31,3345
674,99999,HCS TEMPLE,2016-05-31,17,TX,2013-05-31,3488
674,99999,HCS TEMPLE,2016-05-31,17,TX,2014-05-31,3686
674,99999,HCS TEMPLE,2016-05-31,17,TX,2015-05-31,3711
674,99999,HCS TEMPLE,2016-05-31,17,TX,2016-05-31,3909
740,99999,HCS HARLINGEN,2016-05-31,17,TX,2011-05-31,437
740,99999,HCS HARLINGEN,2016-05-31,17,TX,2012-05-31,502
740,99999,HCS HARLINGEN,2016-05-31,17,TX,2013-05-31,611
740,99999,HCS HARLINGEN,2016-05-31,17,TX,2014-05-31,687
740,99999,HCS HARLINGEN,2016-05-31,17,TX,2015-05-31,746
740,99999,HCS HARLINGEN,2016-05-31,17,TX,2016-05-31,830
494,99999,V18HNMESA,2016-05-31,18,AZ,2011-05-31,55
494,99999,V18HNMESA,2016-05-31,18,AZ,2012-05-31,64
494,99999,V18HNMESA,2016-05-31,18,AZ,2013-05-31,51
494,99999,V18HNMESA,2016-05-31,18,AZ,2014-05-31,49
494,99999,V18HNMESA,2016-05-31,18,AZ,2015-05-31,42
494,99999,V18HNMESA,2016-05-31,18,AZ,2016-05-31,28
501,99999,HCS ALBUQUERQUE,2016-05-31,18,NM,2011-05-31,2340
501,99999,HCS ALBUQUERQUE,2016-05-31,18,NM,2012-05-31,2370
501,99999,HCS ALBUQUERQUE,2016-05-31,18,NM,2013-05-31,2308
501,99999,HCS ALBUQUERQUE,2016-05-31,18,NM,2014-05-31,2384
501,99999,HCS ALBUQUERQUE,2016-05-31,18,NM,2015-05-31,2515
501,99999,HCS ALBUQUERQUE,2016-05-31,18,NM,2016-05-31,2616
504,99999,MC AMARILLO,2016-05-31,18,TX,2011-05-31,1021
504,99999,MC AMARILLO,2016-05-31,18,TX,2012-05-31,983
504,99999,MC AMARILLO,2016-05-31,18,TX,2013-05-31,954
504,99999,MC AMARILLO,2016-05-31,18,TX,2014-05-31,998
504,99999,MC AMARILLO,2016-05-31,18,TX,2015-05-31,1088
504,99999,MC AMARILLO,2016-05-31,18,TX,2016-05-31,1058
519,99999,MC BIG SPRING,2016-05-31,18,TX,2011-05-31,552
519,99999,MC BIG SPRING,2016-05-31,18,TX,2012-05-31,565
519,99999,MC BIG SPRING,2016-05-31,18,TX,2013-05-31,565
519,99999,MC BIG SPRING,2016-05-31,18,TX,2014-05-31,525
519,99999,MC BIG SPRING,2016-05-31,18,TX,2015-05-31,564
519,99999,MC BIG SPRING,2016-05-31,18,TX,2016-05-31,602
644,99999,MC PHOENIX,2016-05-31,18,AZ,2011-05-31,2398
644,99999,MC PHOENIX,2016-05-31,18,AZ,2012-05-31,2368
644,99999,MC PHOENIX,2016-05-31,18,AZ,2013-05-31,2443
644,99999,MC PHOENIX,2016-05-31,18,AZ,2014-05-31,2631
644,99999,MC PHOENIX,2016-05-31,18,AZ,2015-05-31,2981
644,99999,MC PHOENIX,2016-05-31,18,AZ,2016-05-31,3270
649,99999,HCS PRESCOTT,2016-05-31,18,AZ,2011-05-31,930
649,99999,HCS PRESCOTT,2016-05-31,18,AZ,2012-05-31,880
649,99999,HCS PRESCOTT,2016-05-31,18,AZ,2013-05-31,910
649,99999,HCS PRESCOTT,2016-05-31,18,AZ,2014-05-31,932
649,99999,HCS PRESCOTT,2016-05-31,18,AZ,2015-05-31,1038
649,99999,HCS PRESCOTT,2016-05-31,18,AZ,2016-05-31,1077
678,99999,HCS TUCSON,2016-05-31,18,AZ,2011-05-31,2215
678,99999,HCS TUCSON,2016-05-31,18,AZ,2012-05-31,2242
678,99999,HCS TUCSON,2016-05-31,18,AZ,2013-05-31,2219
678,99999,HCS TUCSON,2016-05-31,18,AZ,2014-05-31,2259
678,99999,HCS TUCSON,2016-05-31,18,AZ,2015-05-31,2395
678,99999,HCS TUCSON,2016-05-31,18,AZ,2016-05-31,2493
756,99999,OC EL PASO,2016-05-31,18,TX,2011-05-31,627
756,99999,OC EL PASO,2016-05-31,18,TX,2012-05-31,672
756,99999,OC EL PASO,2016-05-31,18,TX,2013-05-31,708
756,99999,OC EL PASO,2016-05-31,18,TX,2014-05-31,753
756,99999,OC EL PASO,2016-05-31,18,TX,2015-05-31,814
756,99999,OC EL PASO,2016-05-31,18,TX,2016-05-31,872
436,99999,HCS FT HARRISON,2016-05-31,19,MT,2011-05-31,1031
436,99999,HCS FT HARRISON,2016-05-31,19,MT,2012-05-31,1034
436,99999,HCS FT HARRISON,2016-05-31,19,MT,2013-05-31,1133
436,99999,HCS FT HARRISON,2016-05-31,19,MT,2014-05-31,1253
436,99999,HCS FT HARRISON,2016-05-31,19,MT,2015-05-31,1223
436,99999,HCS FT HARRISON,2016-05-31,19,MT,2016-05-31,1219
442,99999,MROC CHEYENNE,2016-05-31,19,WY,2011-05-31,573
442,99999,MROC CHEYENNE,2016-05-31,19,WY,2012-05-31,586
442,99999,MROC CHEYENNE,2016-05-31,19,WY,2013-05-31,636
442,99999,MROC CHEYENNE,2016-05-31,19,WY,2014-05-31,694
442,99999,MROC CHEYENNE,2016-05-31,19,WY,2015-05-31,758
442,99999,MROC CHEYENNE,2016-05-31,19,WY,2016-05-31,853
495,99999,V19HNGLENDALE,2016-05-31,19,CO,2011-05-31,43
495,99999,V19HNGLENDALE,2016-05-31,19,CO,2012-05-31,41
495,99999,V19HNGLENDALE,2016-05-31,19,CO,2013-05-31,38
495,99999,V19HNGLENDALE,2016-05-31,19,CO,2014-05-31,45
495,99999,V19HNGLENDALE,2016-05-31,19,CO,2015-05-31,39
495,99999,V19HNGLENDALE,2016-05-31,19,CO,2016-05-31,45
554,99999,HCS DENVER,2016-05-31,19,CO,2011-05-31,2377
554,99999,HCS DENVER,2016-05-31,19,CO,2012-05-31,2472
554,99999,HCS DENVER,2016-05-31,19,CO,2013-05-31,2511
554,99999,HCS DENVER,2016-05-31,19,CO,2014-05-31,2487
554,99999,HCS DENVER,2016-05-31,19,CO,2015-05-31,2831
554,99999,HCS DENVER,2016-05-31,19,CO,2016-05-31,3057
575,99999,MC GR JUNCTION,2016-05-31,19,CO,2011-05-31,582
575,99999,MC GR JUNCTION,2016-05-31,19,CO,2012-05-31,587
575,99999,MC GR JUNCTION,2016-05-31,19,CO,2013-05-31,583
575,99999,MC GR JUNCTION,2016-05-31,19,CO,2014-05-31,590
575,99999,MC GR JUNCTION,2016-05-31,19,CO,2015-05-31,625
575,99999,MC GR JUNCTION,2016-05-31,19,CO,2016-05-31,651
660,99999,HCS SALT LAKE CITY,2016-05-31,19,UT,2011-05-31,1964
660,99999,HCS SALT LAKE CITY,2016-05-31,19,UT,2012-05-31,1962
660,99999,HCS SALT LAKE CITY,2016-05-31,19,UT,2013-05-31,2028
660,99999,HCS SALT LAKE CITY,2016-05-31,19,UT,2014-05-31,2119
660,99999,HCS SALT LAKE CITY,2016-05-31,19,UT,2015-05-31,2328
660,99999,HCS SALT LAKE CITY,2016-05-31,19,UT,2016-05-31,2407
666,99999,HCS SHERIDAN,2016-05-31,19,WY,2011-05-31,601
666,99999,HCS SHERIDAN,2016-05-31,19,WY,2012-05-31,572
666,99999,HCS SHERIDAN,2016-05-31,19,WY,2013-05-31,592
666,99999,HCS SHERIDAN,2016-05-31,19,WY,2014-05-31,607
666,99999,HCS SHERIDAN,2016-05-31,19,WY,2015-05-31,608
666,99999,HCS SHERIDAN,2016-05-31,19,WY,2016-05-31,631
463,99999,HCSROANCHORAGE,2016-05-31,20,AK,2011-05-31,548
463,99999,HCSROANCHORAGE,2016-05-31,20,AK,2012-05-31,510
463,99999,HCSROANCHORAGE,2016-05-31,20,AK,2013-05-31,473
463,99999,HCSROANCHORAGE,2016-05-31,20,AK,2014-05-31,506
463,99999,HCSROANCHORAGE,2016-05-31,20,AK,2015-05-31,504
463,99999,HCSROANCHORAGE,2016-05-31,20,AK,2016-05-31,528
496,99999,V20HNVANCOUVER,2016-05-31,20,WA,2011-05-31,54
496,99999,V20HNVANCOUVER,2016-05-31,20,WA,2012-05-31,54
496,99999,V20HNVANCOUVER,2016-05-31,20,WA,2013-05-31,52
496,99999,V20HNVANCOUVER,2016-05-31,20,WA,2014-05-31,55
496,99999,V20HNVANCOUVER,2016-05-31,20,WA,2015-05-31,47
496,99999,V20HNVANCOUVER,2016-05-31,20,WA,2016-05-31,45
531,99999,MC BOISE,2016-05-31,20,ID,2011-05-31,1022
531,99999,MC BOISE,2016-05-31,20,ID,2012-05-31,1018
531,99999,MC BOISE,2016-05-31,20,ID,2013-05-31,1037
531,99999,MC BOISE,2016-05-31,20,ID,2014-05-31,1079
531,99999,MC BOISE,2016-05-31,20,ID,2015-05-31,1164
531,99999,MC BOISE,2016-05-31,20,ID,2016-05-31,1207
648,99999,MC PORTLAND,2016-05-31,20,OR,2011-05-31,3343
648,99999,MC PORTLAND,2016-05-31,20,OR,2012-05-31,3463
648,99999,MC PORTLAND,2016-05-31,20,OR,2013-05-31,3566
648,99999,MC PORTLAND,2016-05-31,20,OR,2014-05-31,3742
648,99999,MC PORTLAND,2016-05-31,20,OR,2015-05-31,3728
648,99999,MC PORTLAND,2016-05-31,20,OR,2016-05-31,3789
653,99999,HCS ROSEBURG,2016-05-31,20,OR,2011-05-31,820
653,99999,HCS ROSEBURG,2016-05-31,20,OR,2012-05-31,825
653,99999,HCS ROSEBURG,2016-05-31,20,OR,2013-05-31,837
653,99999,HCS ROSEBURG,2016-05-31,20,OR,2014-05-31,844
653,99999,HCS ROSEBURG,2016-05-31,20,OR,2015-05-31,946
653,99999,HCS ROSEBURG,2016-05-31,20,OR,2016-05-31,1116
663,99999,HCS SEATTLE,2016-05-31,20,WA,2011-05-31,3346
663,99999,HCS SEATTLE,2016-05-31,20,WA,2012-05-31,3402
663,99999,HCS SEATTLE,2016-05-31,20,WA,2013-05-31,3460
663,99999,HCS SEATTLE,2016-05-31,20,WA,2014-05-31,3627
663,99999,HCS SEATTLE,2016-05-31,20,WA,2015-05-31,3763
663,99999,HCS SEATTLE,2016-05-31,20,WA,2016-05-31,3847
668,99999,MC SPOKANE,2016-05-31,20,WA,2011-05-31,815
668,99999,MC SPOKANE,2016-05-31,20,WA,2012-05-31,832
668,99999,MC SPOKANE,2016-05-31,20,WA,2013-05-31,845
668,99999,MC SPOKANE,2016-05-31,20,WA,2014-05-31,898
668,99999,MC SPOKANE,2016-05-31,20,WA,2015-05-31,953
668,99999,MC SPOKANE,2016-05-31,20,WA,2016-05-31,1060
687,99999,MC WALLA WALLA,2016-05-31,20,WA,2011-05-31,435
687,99999,MC WALLA WALLA,2016-05-31,20,WA,2012-05-31,430
687,99999,MC WALLA WALLA,2016-05-31,20,WA,2013-05-31,436
687,99999,MC WALLA WALLA,2016-05-31,20,WA,2014-05-31,469
687,99999,MC WALLA WALLA,2016-05-31,20,WA,2015-05-31,501
687,99999,MC WALLA WALLA,2016-05-31,20,WA,2016-05-31,548
692,99999,SORCCWHITE CITY,2016-05-31,20,OR,2011-05-31,570
692,99999,SORCCWHITE CITY,2016-05-31,20,OR,2012-05-31,571
692,99999,SORCCWHITE CITY,2016-05-31,20,OR,2013-05-31,585
692,99999,SORCCWHITE CITY,2016-05-31,20,OR,2014-05-31,628
692,99999,SORCCWHITE CITY,2016-05-31,20,OR,2015-05-31,686
692,99999,SORCCWHITE CITY,2016-05-31,20,OR,2016-05-31,713
358,99999,RO MANILA,2016-05-31,21,PI,2011-05-31,77
358,99999,RO MANILA,2016-05-31,21,PI,2012-05-31,77
358,99999,RO MANILA,2016-05-31,21,PI,2013-05-31,78
358,99999,RO MANILA,2016-05-31,21,PI,2014-05-31,78
358,99999,RO MANILA,2016-05-31,21,PI,2015-05-31,78
358,99999,RO MANILA,2016-05-31,21,PI,2016-05-31,76
459,99999,HCS HONOLULU,2016-05-31,21,HI,2011-05-31,749
459,99999,HCS HONOLULU,2016-05-31,21,HI,2012-05-31,757
459,99999,HCS HONOLULU,2016-05-31,21,HI,2013-05-31,846
459,99999,HCS HONOLULU,2016-05-31,21,HI,2014-05-31,871
459,99999,HCS HONOLULU,2016-05-31,21,HI,2015-05-31,936
459,99999,HCS HONOLULU,2016-05-31,21,HI,2016-05-31,1028
497,99999,V21HNMARE ISLAND,2016-05-31,21,CA,2011-05-31,33
497,99999,V21HNMARE ISLAND,2016-05-31,21,CA,2012-05-31,41
497,99999,V21HNMARE ISLAND,2016-05-31,21,CA,2013-05-31,55
497,99999,V21HNMARE ISLAND,2016-05-31,21,CA,2014-05-31,55
497,99999,V21HNMARE ISLAND,2016-05-31,21,CA,2015-05-31,52
497,99999,V21HNMARE ISLAND,2016-05-31,21,CA,2016-05-31,49
570,99999,HCS FRESNO,2016-05-31,21,CA,2011-05-31,1055
570,99999,HCS FRESNO,2016-05-31,21,CA,2012-05-31,1101
570,99999,HCS FRESNO,2016-05-31,21,CA,2013-05-31,1142
570,99999,HCS FRESNO,2016-05-31,21,CA,2014-05-31,1121
570,99999,HCS FRESNO,2016-05-31,21,CA,2015-05-31,1200
570,99999,HCS FRESNO,2016-05-31,21,CA,2016-05-31,1376
612,99999,HCS MARTINEZ,2016-05-31,21,CA,2011-05-31,2425
612,99999,HCS MARTINEZ,2016-05-31,21,CA,2012-05-31,2513
612,99999,HCS MARTINEZ,2016-05-31,21,CA,2013-05-31,2634
612,99999,HCS MARTINEZ,2016-05-31,21,CA,2014-05-31,2761
612,99999,HCS MARTINEZ,2016-05-31,21,CA,2015-05-31,3015
612,99999,HCS MARTINEZ,2016-05-31,21,CA,2016-05-31,3281
640,99999,HCS PALO ALTO,2016-05-31,21,CA,2011-05-31,3791
640,99999,HCS PALO ALTO,2016-05-31,21,CA,2012-05-31,3823
640,99999,HCS PALO ALTO,2016-05-31,21,CA,2013-05-31,4031
640,99999,HCS PALO ALTO,2016-05-31,21,CA,2014-05-31,4133
640,99999,HCS PALO ALTO,2016-05-31,21,CA,2015-05-31,4305
640,99999,HCS PALO ALTO,2016-05-31,21,CA,2016-05-31,4416
654,99999,HCS RENO,2016-05-31,21,NV,2011-05-31,1113
654,99999,HCS RENO,2016-05-31,21,NV,2012-05-31,1130
654,99999,HCS RENO,2016-05-31,21,NV,2013-05-31,1188
654,99999,HCS RENO,2016-05-31,21,NV,2014-05-31,1249
654,99999,HCS RENO,2016-05-31,21,NV,2015-05-31,1309
654,99999,HCS RENO,2016-05-31,21,NV,2016-05-31,1353
662,99999,MC SAN FRANCISCO,2016-05-31,21,CA,2011-05-31,2194
662,99999,MC SAN FRANCISCO,2016-05-31,21,CA,2012-05-31,2296
662,99999,MC SAN FRANCISCO,2016-05-31,21,CA,2013-05-31,2388
662,99999,MC SAN FRANCISCO,2016-05-31,21,CA,2014-05-31,2560
662,99999,MC SAN FRANCISCO,2016-05-31,21,CA,2015-05-31,2654
662,99999,MC SAN FRANCISCO,2016-05-31,21,CA,2016-05-31,2875
498,99999,V22HNLONG BEACH,2016-05-31,22,CA,2011-05-31,42
498,99999,V22HNLONG BEACH,2016-05-31,22,CA,2012-05-31,50
498,99999,V22HNLONG BEACH,2016-05-31,22,CA,2013-05-31,42
498,99999,V22HNLONG BEACH,2016-05-31,22,CA,2014-05-31,47
498,99999,V22HNLONG BEACH,2016-05-31,22,CA,2015-05-31,42
498,99999,V22HNLONG BEACH,2016-05-31,22,CA,2016-05-31,33
593,99999,MC LAS VEGAS,2016-05-31,22,NV,2011-05-31,1376
593,99999,MC LAS VEGAS,2016-05-31,22,NV,2012-05-31,1677
593,99999,MC LAS VEGAS,2016-05-31,22,NV,2013-05-31,1967
593,99999,MC LAS VEGAS,2016-05-31,22,NV,2014-05-31,2078
593,99999,MC LAS VEGAS,2016-05-31,22,NV,2015-05-31,2302
593,99999,MC LAS VEGAS,2016-05-31,22,NV,2016-05-31,2372
600,99999,HCS LONG BEACH,2016-05-31,22,CA,2011-05-31,2308
600,99999,HCS LONG BEACH,2016-05-31,22,CA,2012-05-31,2358
600,99999,HCS LONG BEACH,2016-05-31,22,CA,2013-05-31,2343
600,99999,HCS LONG BEACH,2016-05-31,22,CA,2014-05-31,2361
600,99999,HCS LONG BEACH,2016-05-31,22,CA,2015-05-31,2597
600,99999,HCS LONG BEACH,2016-05-31,22,CA,2016-05-31,2798
605,99999,MC LOMA LINDA,2016-05-31,22,CA,2011-05-31,2374
605,99999,MC LOMA LINDA,2016-05-31,22,CA,2012-05-31,2341
605,99999,MC LOMA LINDA,2016-05-31,22,CA,2013-05-31,2431
605,99999,MC LOMA LINDA,2016-05-31,22,CA,2014-05-31,2489
605,99999,MC LOMA LINDA,2016-05-31,22,CA,2015-05-31,2608
605,99999,MC LOMA LINDA,2016-05-31,22,CA,2016-05-31,2809
664,99999,HCS SAN DIEGO,2016-05-31,22,CA,2011-05-31,2775
664,99999,HCS SAN DIEGO,2016-05-31,22,CA,2012-05-31,2815
664,99999,HCS SAN DIEGO,2016-05-31,22,CA,2013-05-31,2991
664,99999,HCS SAN DIEGO,2016-05-31,22,CA,2014-05-31,3028
664,99999,HCS SAN DIEGO,2016-05-31,22,CA,2015-05-31,3158
664,99999,HCS SAN DIEGO,2016-05-31,22,CA,2016-05-31,3173
691,99999,HCS W/LOS ANGELES,2016-05-31,22,CA,2011-05-31,4891
691,99999,HCS W/LOS ANGELES,2016-05-31,22,CA,2012-05-31,4868
691,99999,HCS W/LOS ANGELES,2016-05-31,22,CA,2013-05-31,4844
691,99999,HCS W/LOS ANGELES,2016-05-31,22,CA,2014-05-31,5041
691,99999,HCS W/LOS ANGELES,2016-05-31,22,CA,2015-05-31,5137
691,99999,HCS W/LOS ANGELES,2016-05-31,22,CA,2016-05-31,5090
437,99999,HCS FARGO,2016-05-31,23,ND,2011-05-31,893
437,99999,HCS FARGO,2016-05-31,23,ND,2012-05-31,882
437,99999,HCS FARGO,2016-05-31,23,ND,2013-05-31,934
437,99999,HCS FARGO,2016-05-31,23,ND,2014-05-31,996
437,99999,HCS FARGO,2016-05-31,23,ND,2015-05-31,1048
437,99999,HCS FARGO,2016-05-31,23,ND,2016-05-31,1086
438,99999,HCS SIOUX FALLS,2016-05-31,23,SD,2011-05-31,898
438,99999,HCS SIOUX FALLS,2016-05-31,23,SD,2012-05-31,857
438,99999,HCS SIOUX FALLS,2016-05-31,23,SD,2013-05-31,898
438,99999,HCS SIOUX FALLS,2016-05-31,23,SD,2014-05-31,942
438,99999,HCS SIOUX FALLS,2016-05-31,23,SD,2015-05-31,1012
438,99999,HCS SIOUX FALLS,2016-05-31,23,SD,2016-05-31,1067
499,99999,V23HNMINNEAPOLIS,2016-05-31,23,MN,2011-05-31,40
499,99999,V23HNMINNEAPOLIS,2016-05-31,23,MN,2012-05-31,40
499,99999,V23HNMINNEAPOLIS,2016-05-31,23,MN,2013-05-31,68
499,99999,V23HNMINNEAPOLIS,2016-05-31,23,MN,2014-05-31,65
499,99999,V23HNMINNEAPOLIS,2016-05-31,23,MN,2015-05-31,61
499,99999,V23HNMINNEAPOLIS,2016-05-31,23,MN,2016-05-31,55
568,99999,HCS FORT MEADE,2016-05-31,23,SD,2011-05-31,1093
568,99999,HCS FORT MEADE,2016-05-31,23,SD,2012-05-31,1036
568,99999,HCS FORT MEADE,2016-05-31,23,SD,2013-05-31,1043
568,99999,HCS FORT MEADE,2016-05-31,23,SD,2014-05-31,1059
568,99999,HCS FORT MEADE,2016-05-31,23,SD,2015-05-31,1105
568,99999,HCS FORT MEADE,2016-05-31,23,SD,2016-05-31,1101
618,99999,HCS MINNEAPOLIS,2016-05-31,23,MN,2011-05-31,3461
618,99999,HCS MINNEAPOLIS,2016-05-31,23,MN,2012-05-31,3421
618,99999,HCS MINNEAPOLIS,2016-05-31,23,MN,2013-05-31,3529
618,99999,HCS MINNEAPOLIS,2016-05-31,23,MN,2014-05-31,3662
618,99999,HCS MINNEAPOLIS,2016-05-31,23,MN,2015-05-31,3715
618,99999,HCS MINNEAPOLIS,2016-05-31,23,MN,2016-05-31,3894
636,99999,HCS OMAHA,2016-05-31,23,NE,2011-05-31,4786
636,99999,HCS OMAHA,2016-05-31,23,NE,2012-05-31,4695
636,99999,HCS OMAHA,2016-05-31,23,NE,2013-05-31,4839
636,99999,HCS OMAHA,2016-05-31,23,NE,2014-05-31,5240
636,99999,HCS OMAHA,2016-05-31,23,NE,2015-05-31,5431
636,99999,HCS OMAHA,2016-05-31,23,NE,2016-05-31,5499
656,99999,HCS ST CLOUD,2016-05-31,23,MN,2011-05-31,1487
656,99999,HCS ST CLOUD,2016-05-31,23,MN,2012-05-31,1483
656,99999,HCS ST CLOUD,2016-05-31,23,MN,2013-05-31,1551
656,99999,HCS ST CLOUD,2016-05-31,23,MN,2014-05-31,1642
656,99999,HCS ST CLOUD,2016-05-31,23,MN,2015-05-31,1670
656,99999,HCS ST CLOUD,2016-05-31,23,MN,2016-05-31,1706
