station_id,facility_id,name,ref_date,visn_id,state,occupation_id,date,loss_rate,avg_onboard
402,99999,HCS TOGUS,2016-05-31,01,ME,0602,2011-01-01,0.0997,
402,99999,HCS TOGUS,2016-05-31,01,ME,0602,2012-01-01,0.0955,
402,99999,HCS TOGUS,2016-05-31,01,ME,0602,2013-01-01,0.1133,
402,99999,HCS TOGUS,2016-05-31,01,ME,0602,2014-01-01,0.1474,
402,99999,HCS TOGUS,2016-05-31,01,ME,0602,2015-01-01,0.0781,
405,99999,MROC WHT RIVER JCT,2016-05-31,01,VT,0602,2011-01-01,0.0114,
405,99999,MROC WHT RIVER JCT,2016-05-31,01,VT,0602,2012-01-01,0.0842,
405,99999,MROC WHT RIVER JCT,2016-05-31,01,VT,0602,2013-01-01,0.0891,
405,99999,MROC WHT RIVER JCT,2016-05-31,01,VT,0602,2014-01-01,0.1402,
405,99999,MROC WHT RIVER JCT,2016-05-31,01,VT,0602,2015-01-01,0.06,
518,99999,MC BEDFORD,2016-05-31,01,MA,0602,2011-01-01,0.062,
518,99999,MC BEDFORD,2016-05-31,01,MA,0602,2012-01-01,0.0859,
518,99999,MC BEDFORD,2016-05-31,01,MA,0602,2013-01-01,0.0409,
518,99999,MC BEDFORD,2016-05-31,01,MA,0602,2014-01-01,0.0814,
518,99999,MC BEDFORD,2016-05-31,01,MA,0602,2015-01-01,0.0789,
523,99999,HCS BOSTON,2016-05-31,01,MA,0602,2011-01-01,0.08,
523,99999,HCS BOSTON,2016-05-31,01,MA,0602,2012-01-01,0.0781,
523,99999,HCS BOSTON,2016-05-31,01,MA,0602,2013-01-01,0.0898,
523,99999,HCS BOSTON,2016-05-31,01,MA,0602,2014-01-01,0.1011,
523,99999,HCS BOSTON,2016-05-31,01,MA,0602,2015-01-01,0.0548,
608,99999,MC MANCHESTER,2016-05-31,01,NH,0602,2011-01-01,0.0774,
608,99999,MC MANCHESTER,2016-05-31,01,NH,0602,2012-01-01,0.1134,
608,99999,MC MANCHESTER,2016-05-31,01,NH,0602,2013-01-01,0.1119,
608,99999,MC MANCHESTER,2016-05-31,01,NH,0602,2014-01-01,0.0909,
608,99999,MC MANCHESTER,2016-05-31,01,NH,0602,2015-01-01,0.1343,
631,99999,MC NORTHAMPTON,2016-05-31,01,MA,0602,2011-01-01,0.0928,
631,99999,MC NORTHAMPTON,2016-05-31,01,MA,0602,2012-01-01,0.0492,
631,99999,MC NORTHAMPTON,2016-05-31,01,MA,0602,2013-01-01,0.1134,
631,99999,MC NORTHAMPTON,2016-05-31,01,MA,0602,2014-01-01,0.1351,
631,99999,MC NORTHAMPTON,2016-05-31,01,MA,0602,2015-01-01,0.0862,
650,99999,MC PROVIDENCE,2016-05-31,01,RI,0602,2011-01-01,0.0519,
650,99999,MC PROVIDENCE,2016-05-31,01,RI,0602,2012-01-01,0.0815,
650,99999,MC PROVIDENCE,2016-05-31,01,RI,0602,2013-01-01,0.0309,
650,99999,MC PROVIDENCE,2016-05-31,01,RI,0602,2014-01-01,0.0879,
650,99999,MC PROVIDENCE,2016-05-31,01,RI,0602,2015-01-01,0.0927,
689,99999,HCS WEST HAVEN,2016-05-31,01,CT,0602,2011-01-01,0.0719,
689,99999,HCS WEST HAVEN,2016-05-31,01,CT,0602,2012-01-01,0.0826,
689,99999,HCS WEST HAVEN,2016-05-31,01,CT,0602,2013-01-01,0.0601,
689,99999,HCS WEST HAVEN,2016-05-31,01,CT,0602,2014-01-01,0.0781,
689,99999,HCS WEST HAVEN,2016-05-31,01,CT,0602,2015-01-01,0.0683,
479,99999,V2HCNALBANY,2016-05-31,02,NY,0602,2011-01-01,,
479,99999,V2HCNALBANY,2016-05-31,02,NY,0602,2012-01-01,,
479,99999,V2HCNALBANY,2016-05-31,02,NY,0602,2013-01-01,,
479,99999,V2HCNALBANY,2016-05-31,02,NY,0602,2014-01-01,0.8,
479,99999,V2HCNALBANY,2016-05-31,02,NY,0602,2015-01-01,,
528,99999,HCS BUFFALO,2016-05-31,02,NY,0602,2011-01-01,0.0962,
528,99999,HCS BUFFALO,2016-05-31,02,NY,0602,2012-01-01,0.0756,
528,99999,HCS BUFFALO,2016-05-31,02,NY,0602,2013-01-01,0.092,
528,99999,HCS BUFFALO,2016-05-31,02,NY,0602,2014-01-01,0.0981,
528,99999,HCS BUFFALO,2016-05-31,02,NY,0602,2015-01-01,0.0707,
480,99999,V3HCNNEW YORK,2016-05-31,03,NY,0602,2011-01-01,0.3529,
480,99999,V3HCNNEW YORK,2016-05-31,03,NY,0602,2012-01-01,,
480,99999,V3HCNNEW YORK,2016-05-31,03,NY,0602,2013-01-01,,
480,99999,V3HCNNEW YORK,2016-05-31,03,NY,0602,2014-01-01,,
480,99999,V3HCNNEW YORK,2016-05-31,03,NY,0602,2015-01-01,,
526,99999,MC BRONX,2016-05-31,03,NY,0602,2011-01-01,0.1075,
526,99999,MC BRONX,2016-05-31,03,NY,0602,2012-01-01,0.0885,
526,99999,MC BRONX,2016-05-31,03,NY,0602,2013-01-01,0.054,
526,99999,MC BRONX,2016-05-31,03,NY,0602,2014-01-01,0.0509,
526,99999,MC BRONX,2016-05-31,03,NY,0602,2015-01-01,0.0874,
561,99999,HCS EAST ORANGE,2016-05-31,03,NJ,0602,2011-01-01,0.0199,
561,99999,HCS EAST ORANGE,2016-05-31,03,NJ,0602,2012-01-01,0.0504,
561,99999,HCS EAST ORANGE,2016-05-31,03,NJ,0602,2013-01-01,0.0298,
561,99999,HCS EAST ORANGE,2016-05-31,03,NJ,0602,2014-01-01,0.0537,
561,99999,HCS EAST ORANGE,2016-05-31,03,NJ,0602,2015-01-01,0.0792,
620,99999,HCS MONTROSE,2016-05-31,03,NY,0602,2011-01-01,0.1084,
620,99999,HCS MONTROSE,2016-05-31,03,NY,0602,2012-01-01,0.0979,
620,99999,HCS MONTROSE,2016-05-31,03,NY,0602,2013-01-01,0.1085,
620,99999,HCS MONTROSE,2016-05-31,03,NY,0602,2014-01-01,0.1303,
620,99999,HCS MONTROSE,2016-05-31,03,NY,0602,2015-01-01,0.1513,
630,99999,HCS NEW YORK,2016-05-31,03,NY,0602,2011-01-01,0.0605,
630,99999,HCS NEW YORK,2016-05-31,03,NY,0602,2012-01-01,0.0746,
630,99999,HCS NEW YORK,2016-05-31,03,NY,0602,2013-01-01,0.0654,
630,99999,HCS NEW YORK,2016-05-31,03,NY,0602,2014-01-01,0.0717,
630,99999,HCS NEW YORK,2016-05-31,03,NY,0602,2015-01-01,0.0662,
632,99999,MC NORTHPORT L I,2016-05-31,03,NY,0602,2011-01-01,0.0668,
632,99999,MC NORTHPORT L I,2016-05-31,03,NY,0602,2012-01-01,0.0523,
632,99999,MC NORTHPORT L I,2016-05-31,03,NY,0602,2013-01-01,0.0361,
632,99999,MC NORTHPORT L I,2016-05-31,03,NY,0602,2014-01-01,0.0483,
632,99999,MC NORTHPORT L I,2016-05-31,03,NY,0602,2015-01-01,0.0906,
460,99999,MROC WILMINGTON,2016-05-31,04,DE,0602,2011-01-01,0.0351,
460,99999,MROC WILMINGTON,2016-05-31,04,DE,0602,2012-01-01,0.0476,
460,99999,MROC WILMINGTON,2016-05-31,04,DE,0602,2013-01-01,0.0605,
460,99999,MROC WILMINGTON,2016-05-31,04,DE,0602,2014-01-01,0.1266,
460,99999,MROC WILMINGTON,2016-05-31,04,DE,0602,2015-01-01,0.1511,
503,99999,MC ALTOONA,2016-05-31,04,PA,0602,2011-01-01,0.0745,
503,99999,MC ALTOONA,2016-05-31,04,PA,0602,2012-01-01,0.1088,
503,99999,MC ALTOONA,2016-05-31,04,PA,0602,2013-01-01,0.0366,
503,99999,MC ALTOONA,2016-05-31,04,PA,0602,2014-01-01,0.0349,
503,99999,MC ALTOONA,2016-05-31,04,PA,0602,2015-01-01,0.1371,
529,99999,MC BUTLER,2016-05-31,04,PA,0602,2011-01-01,0.233,
529,99999,MC BUTLER,2016-05-31,04,PA,0602,2012-01-01,,
529,99999,MC BUTLER,2016-05-31,04,PA,0602,2013-01-01,,
529,99999,MC BUTLER,2016-05-31,04,PA,0602,2014-01-01,0.0543,
529,99999,MC BUTLER,2016-05-31,04,PA,0602,2015-01-01,0.1714,
540,99999,MC CLARKSBURG,2016-05-31,04,WV,0602,2011-01-01,0.0704,
540,99999,MC CLARKSBURG,2016-05-31,04,WV,0602,2012-01-01,0.0882,
540,99999,MC CLARKSBURG,2016-05-31,04,WV,0602,2013-01-01,0.0676,
540,99999,MC CLARKSBURG,2016-05-31,04,WV,0602,2014-01-01,0.0969,
540,99999,MC CLARKSBURG,2016-05-31,04,WV,0602,2015-01-01,0.1151,
542,99999,MC COATESVILLE,2016-05-31,04,PA,0602,2011-01-01,0.1021,
542,99999,MC COATESVILLE,2016-05-31,04,PA,0602,2012-01-01,0.1622,
542,99999,MC COATESVILLE,2016-05-31,04,PA,0602,2013-01-01,0.1333,
542,99999,MC COATESVILLE,2016-05-31,04,PA,0602,2014-01-01,0.0724,
542,99999,MC COATESVILLE,2016-05-31,04,PA,0602,2015-01-01,,
562,99999,MC ERIE,2016-05-31,04,PA,0602,2011-01-01,0.1364,
562,99999,MC ERIE,2016-05-31,04,PA,0602,2012-01-01,0.0565,
562,99999,MC ERIE,2016-05-31,04,PA,0602,2013-01-01,0.0541,
562,99999,MC ERIE,2016-05-31,04,PA,0602,2014-01-01,0.1336,
562,99999,MC ERIE,2016-05-31,04,PA,0602,2015-01-01,0.0768,
595,99999,MC LEBANON,2016-05-31,04,PA,0602,2011-01-01,0.1179,
595,99999,MC LEBANON,2016-05-31,04,PA,0602,2012-01-01,0.0642,
595,99999,MC LEBANON,2016-05-31,04,PA,0602,2013-01-01,0.0913,
595,99999,MC LEBANON,2016-05-31,04,PA,0602,2014-01-01,0.0864,
595,99999,MC LEBANON,2016-05-31,04,PA,0602,2015-01-01,0.0296,
642,99999,MC PHILADELPHIA,2016-05-31,04,PA,0602,2011-01-01,0.1151,
642,99999,MC PHILADELPHIA,2016-05-31,04,PA,0602,2012-01-01,0.131,
642,99999,MC PHILADELPHIA,2016-05-31,04,PA,0602,2013-01-01,0.1186,
642,99999,MC PHILADELPHIA,2016-05-31,04,PA,0602,2014-01-01,0.165,
642,99999,MC PHILADELPHIA,2016-05-31,04,PA,0602,2015-01-01,0.1152,
646,99999,HCS PITTSBURGH,2016-05-31,04,PA,0602,2011-01-01,0.0565,
646,99999,HCS PITTSBURGH,2016-05-31,04,PA,0602,2012-01-01,0.0846,
646,99999,HCS PITTSBURGH,2016-05-31,04,PA,0602,2013-01-01,0.0881,
646,99999,HCS PITTSBURGH,2016-05-31,04,PA,0602,2014-01-01,0.079,
646,99999,HCS PITTSBURGH,2016-05-31,04,PA,0602,2015-01-01,0.0914,
693,99999,MC WILKES BARRE,2016-05-31,04,PA,0602,2011-01-01,0.0677,
693,99999,MC WILKES BARRE,2016-05-31,04,PA,0602,2012-01-01,0.0301,
693,99999,MC WILKES BARRE,2016-05-31,04,PA,0602,2013-01-01,0.072,
693,99999,MC WILKES BARRE,2016-05-31,04,PA,0602,2014-01-01,0.0793,
693,99999,MC WILKES BARRE,2016-05-31,04,PA,0602,2015-01-01,0.1347,
512,99999,HCS BALTIMORE,2016-05-31,05,MD,0602,2011-01-01,0.0763,
512,99999,HCS BALTIMORE,2016-05-31,05,MD,0602,2012-01-01,0.0815,
512,99999,HCS BALTIMORE,2016-05-31,05,MD,0602,2013-01-01,0.0473,
512,99999,HCS BALTIMORE,2016-05-31,05,MD,0602,2014-01-01,0.1047,
512,99999,HCS BALTIMORE,2016-05-31,05,MD,0602,2015-01-01,0.0839,
613,99999,MC MARTINSBURG,2016-05-31,05,WV,0602,2011-01-01,0.12,
613,99999,MC MARTINSBURG,2016-05-31,05,WV,0602,2012-01-01,0.0976,
613,99999,MC MARTINSBURG,2016-05-31,05,WV,0602,2013-01-01,0.1576,
613,99999,MC MARTINSBURG,2016-05-31,05,WV,0602,2014-01-01,0.1604,
613,99999,MC MARTINSBURG,2016-05-31,05,WV,0602,2015-01-01,0.1021,
688,99999,MC WASHINGTON,2016-05-31,05,DC,0602,2011-01-01,0.0443,
688,99999,MC WASHINGTON,2016-05-31,05,DC,0602,2012-01-01,0.0476,
688,99999,MC WASHINGTON,2016-05-31,05,DC,0602,2013-01-01,0.0601,
688,99999,MC WASHINGTON,2016-05-31,05,DC,0602,2014-01-01,0.0494,
688,99999,MC WASHINGTON,2016-05-31,05,DC,0602,2015-01-01,0.0619,
517,99999,MC BECKLEY,2016-05-31,06,WV,0602,2011-01-01,0.1171,
517,99999,MC BECKLEY,2016-05-31,06,WV,0602,2012-01-01,0.1841,
517,99999,MC BECKLEY,2016-05-31,06,WV,0602,2013-01-01,0.1093,
517,99999,MC BECKLEY,2016-05-31,06,WV,0602,2014-01-01,0.1277,
517,99999,MC BECKLEY,2016-05-31,06,WV,0602,2015-01-01,0.1354,
558,99999,MC DURHAM,2016-05-31,06,NC,0602,2011-01-01,0.0587,
558,99999,MC DURHAM,2016-05-31,06,NC,0602,2012-01-01,0.085,
558,99999,MC DURHAM,2016-05-31,06,NC,0602,2013-01-01,0.08,
558,99999,MC DURHAM,2016-05-31,06,NC,0602,2014-01-01,0.0707,
558,99999,MC DURHAM,2016-05-31,06,NC,0602,2015-01-01,0.0711,
565,99999,MC FAYETTEVILLE,2016-05-31,06,NC,0602,2011-01-01,0.1382,
565,99999,MC FAYETTEVILLE,2016-05-31,06,NC,0602,2012-01-01,0.126,
565,99999,MC FAYETTEVILLE,2016-05-31,06,NC,0602,2013-01-01,0.0618,
565,99999,MC FAYETTEVILLE,2016-05-31,06,NC,0602,2014-01-01,0.0993,
565,99999,MC FAYETTEVILLE,2016-05-31,06,NC,0602,2015-01-01,0.1067,
590,99999,MC HAMPTON,2016-05-31,06,VA,0602,2011-01-01,0.0767,
590,99999,MC HAMPTON,2016-05-31,06,VA,0602,2012-01-01,0.1315,
590,99999,MC HAMPTON,2016-05-31,06,VA,0602,2013-01-01,0.1197,
590,99999,MC HAMPTON,2016-05-31,06,VA,0602,2014-01-01,0.1424,
590,99999,MC HAMPTON,2016-05-31,06,VA,0602,2015-01-01,0.0991,
637,99999,MC ASHEVILLE,2016-05-31,06,NC,0602,2011-01-01,0.0346,
637,99999,MC ASHEVILLE,2016-05-31,06,NC,0602,2012-01-01,0.0411,
637,99999,MC ASHEVILLE,2016-05-31,06,NC,0602,2013-01-01,0.0969,
637,99999,MC ASHEVILLE,2016-05-31,06,NC,0602,2014-01-01,0.1003,
637,99999,MC ASHEVILLE,2016-05-31,06,NC,0602,2015-01-01,0.092,
652,99999,MC RICHMOND,2016-05-31,06,VA,0602,2011-01-01,0.0529,
652,99999,MC RICHMOND,2016-05-31,06,VA,0602,2012-01-01,0.0706,
652,99999,MC RICHMOND,2016-05-31,06,VA,0602,2013-01-01,0.0706,
652,99999,MC RICHMOND,2016-05-31,06,VA,0602,2014-01-01,0.085,
652,99999,MC RICHMOND,2016-05-31,06,VA,0602,2015-01-01,0.0645,
658,99999,MC SALEM,2016-05-31,06,VA,0602,2011-01-01,0.0543,
658,99999,MC SALEM,2016-05-31,06,VA,0602,2012-01-01,0.0695,
658,99999,MC SALEM,2016-05-31,06,VA,0602,2013-01-01,0.0397,
658,99999,MC SALEM,2016-05-31,06,VA,0602,2014-01-01,0.1066,
658,99999,MC SALEM,2016-05-31,06,VA,0602,2015-01-01,0.0798,
659,99999,MC SALISBURY,2016-05-31,06,NC,0602,2011-01-01,0.0919,
659,99999,MC SALISBURY,2016-05-31,06,NC,0602,2012-01-01,0.1034,
659,99999,MC SALISBURY,2016-05-31,06,NC,0602,2013-01-01,0.0633,
659,99999,MC SALISBURY,2016-05-31,06,NC,0602,2014-01-01,0.0599,
659,99999,MC SALISBURY,2016-05-31,06,NC,0602,2015-01-01,0.057,
484,99999,V7SENDULUTH,2016-05-31,07,GA,0602,2011-01-01,,
484,99999,V7SENDULUTH,2016-05-31,07,GA,0602,2012-01-01,,
484,99999,V7SENDULUTH,2016-05-31,07,GA,0602,2013-01-01,0.2857,
484,99999,V7SENDULUTH,2016-05-31,07,GA,0602,2014-01-01,,
484,99999,V7SENDULUTH,2016-05-31,07,GA,0602,2015-01-01,,
508,99999,MC ATLANTA,2016-05-31,07,GA,0602,2011-01-01,0.0906,
508,99999,MC ATLANTA,2016-05-31,07,GA,0602,2012-01-01,0.061,
508,99999,MC ATLANTA,2016-05-31,07,GA,0602,2013-01-01,0.0483,
508,99999,MC ATLANTA,2016-05-31,07,GA,0602,2014-01-01,0.0844,
508,99999,MC ATLANTA,2016-05-31,07,GA,0602,2015-01-01,0.0708,
509,99999,MC AUGUSTA,2016-05-31,07,GA,0602,2011-01-01,0.057,
509,99999,MC AUGUSTA,2016-05-31,07,GA,0602,2012-01-01,0.1107,
509,99999,MC AUGUSTA,2016-05-31,07,GA,0602,2013-01-01,0.0915,
509,99999,MC AUGUSTA,2016-05-31,07,GA,0602,2014-01-01,0.0832,
509,99999,MC AUGUSTA,2016-05-31,07,GA,0602,2015-01-01,0.1015,
521,99999,MC BIRMINGHAM,2016-05-31,07,AL,0602,2011-01-01,0.0601,
521,99999,MC BIRMINGHAM,2016-05-31,07,AL,0602,2012-01-01,0.1224,
521,99999,MC BIRMINGHAM,2016-05-31,07,AL,0602,2013-01-01,0.1047,
521,99999,MC BIRMINGHAM,2016-05-31,07,AL,0602,2014-01-01,0.091,
521,99999,MC BIRMINGHAM,2016-05-31,07,AL,0602,2015-01-01,0.0999,
534,99999,MC CHARLESTON,2016-05-31,07,SC,0602,2011-01-01,0.0485,
534,99999,MC CHARLESTON,2016-05-31,07,SC,0602,2012-01-01,0.0893,
534,99999,MC CHARLESTON,2016-05-31,07,SC,0602,2013-01-01,0.0517,
534,99999,MC CHARLESTON,2016-05-31,07,SC,0602,2014-01-01,0.097,
534,99999,MC CHARLESTON,2016-05-31,07,SC,0602,2015-01-01,0.07,
544,99999,MC COLUMBIA,2016-05-31,07,SC,0602,2011-01-01,0.0998,
544,99999,MC COLUMBIA,2016-05-31,07,SC,0602,2012-01-01,0.1302,
544,99999,MC COLUMBIA,2016-05-31,07,SC,0602,2013-01-01,0.1884,
544,99999,MC COLUMBIA,2016-05-31,07,SC,0602,2014-01-01,0.1494,
544,99999,MC COLUMBIA,2016-05-31,07,SC,0602,2015-01-01,0.0508,
557,99999,MC DUBLIN,2016-05-31,07,GA,0602,2011-01-01,0.1431,
557,99999,MC DUBLIN,2016-05-31,07,GA,0602,2012-01-01,0.137,
557,99999,MC DUBLIN,2016-05-31,07,GA,0602,2013-01-01,0.0514,
557,99999,MC DUBLIN,2016-05-31,07,GA,0602,2014-01-01,0.1168,
557,99999,MC DUBLIN,2016-05-31,07,GA,0602,2015-01-01,0.1088,
619,99999,HCS MONTGOMERY,2016-05-31,07,AL,0602,2011-01-01,0.0993,
619,99999,HCS MONTGOMERY,2016-05-31,07,AL,0602,2012-01-01,0.1154,
619,99999,HCS MONTGOMERY,2016-05-31,07,AL,0602,2013-01-01,0.1037,
619,99999,HCS MONTGOMERY,2016-05-31,07,AL,0602,2014-01-01,0.0584,
619,99999,HCS MONTGOMERY,2016-05-31,07,AL,0602,2015-01-01,0.1168,
679,99999,MC TUSCALOOSA,2016-05-31,07,AL,0602,2011-01-01,0.1234,
679,99999,MC TUSCALOOSA,2016-05-31,07,AL,0602,2012-01-01,0.0282,
679,99999,MC TUSCALOOSA,2016-05-31,07,AL,0602,2013-01-01,0.0283,
679,99999,MC TUSCALOOSA,2016-05-31,07,AL,0602,2014-01-01,0.0521,
679,99999,MC TUSCALOOSA,2016-05-31,07,AL,0602,2015-01-01,0.2143,
516,99999,MC BAY PINES,2016-05-31,08,FL,0602,2011-01-01,0.0753,
516,99999,MC BAY PINES,2016-05-31,08,FL,0602,2012-01-01,0.0889,
516,99999,MC BAY PINES,2016-05-31,08,FL,0602,2013-01-01,0.082,
516,99999,MC BAY PINES,2016-05-31,08,FL,0602,2014-01-01,0.0848,
516,99999,MC BAY PINES,2016-05-31,08,FL,0602,2015-01-01,0.0952,
546,99999,MC MIAMI,2016-05-31,08,FL,0602,2011-01-01,0.0655,
546,99999,MC MIAMI,2016-05-31,08,FL,0602,2012-01-01,0.0857,
546,99999,MC MIAMI,2016-05-31,08,FL,0602,2013-01-01,0.0666,
546,99999,MC MIAMI,2016-05-31,08,FL,0602,2014-01-01,0.0649,
546,99999,MC MIAMI,2016-05-31,08,FL,0602,2015-01-01,0.0906,
548,99999,MC W PALM BEACH,2016-05-31,08,FL,0602,2011-01-01,0.0947,
548,99999,MC W PALM BEACH,2016-05-31,08,FL,0602,2012-01-01,0.0517,
548,99999,MC W PALM BEACH,2016-05-31,08,FL,0602,2013-01-01,0.0554,
548,99999,MC W PALM BEACH,2016-05-31,08,FL,0602,2014-01-01,0.0637,
548,99999,MC W PALM BEACH,2016-05-31,08,FL,0602,2015-01-01,0.0862,
573,99999,HCS GAINESVILLE,2016-05-31,08,FL,0602,2011-01-01,0.1129,
573,99999,HCS GAINESVILLE,2016-05-31,08,FL,0602,2012-01-01,0.0592,
573,99999,HCS GAINESVILLE,2016-05-31,08,FL,0602,2013-01-01,0.0945,
573,99999,HCS GAINESVILLE,2016-05-31,08,FL,0602,2014-01-01,0.0707,
573,99999,HCS GAINESVILLE,2016-05-31,08,FL,0602,2015-01-01,0.0713,
672,99999,MC SAN JUAN,2016-05-31,08,PR,0602,2011-01-01,0.0568,
672,99999,MC SAN JUAN,2016-05-31,08,PR,0602,2012-01-01,0.0427,
672,99999,MC SAN JUAN,2016-05-31,08,PR,0602,2013-01-01,0.0195,
672,99999,MC SAN JUAN,2016-05-31,08,PR,0602,2014-01-01,0.0396,
672,99999,MC SAN JUAN,2016-05-31,08,PR,0602,2015-01-01,0.016,
673,99999,MC TAMPA,2016-05-31,08,FL,0602,2011-01-01,0.0579,
673,99999,MC TAMPA,2016-05-31,08,FL,0602,2012-01-01,0.0797,
673,99999,MC TAMPA,2016-05-31,08,FL,0602,2013-01-01,0.0604,
673,99999,MC TAMPA,2016-05-31,08,FL,0602,2014-01-01,0.0683,
673,99999,MC TAMPA,2016-05-31,08,FL,0602,2015-01-01,0.0443,
675,99999,MC ORLANDO,2016-05-31,08,FL,0602,2011-01-01,0.0842,
675,99999,MC ORLANDO,2016-05-31,08,FL,0602,2012-01-01,0.052,
675,99999,MC ORLANDO,2016-05-31,08,FL,0602,2013-01-01,0.0807,
675,99999,MC ORLANDO,2016-05-31,08,FL,0602,2014-01-01,0.0971,
675,99999,MC ORLANDO,2016-05-31,08,FL,0602,2015-01-01,0.1114,
486,99999,V9HCNNASHVILLE,2016-05-31,09,TN,0602,2011-01-01,,
486,99999,V9HCNNASHVILLE,2016-05-31,09,TN,0602,2012-01-01,,
486,99999,V9HCNNASHVILLE,2016-05-31,09,TN,0602,2013-01-01,,
486,99999,V9HCNNASHVILLE,2016-05-31,09,TN,0602,2014-01-01,0.3077,
486,99999,V9HCNNASHVILLE,2016-05-31,09,TN,0602,2015-01-01,,
581,99999,MC HUNTINGTON,2016-05-31,09,WV,0602,2011-01-01,0.0664,
581,99999,MC HUNTINGTON,2016-05-31,09,WV,0602,2012-01-01,0.0993,
581,99999,MC HUNTINGTON,2016-05-31,09,WV,0602,2013-01-01,0.0781,
581,99999,MC HUNTINGTON,2016-05-31,09,WV,0602,2014-01-01,0.1202,
581,99999,MC HUNTINGTON,2016-05-31,09,WV,0602,2015-01-01,0.0931,
596,99999,MC LEXINGTON,2016-05-31,09,KY,0602,2011-01-01,0.176,
596,99999,MC LEXINGTON,2016-05-31,09,KY,0602,2012-01-01,0.1075,
596,99999,MC LEXINGTON,2016-05-31,09,KY,0602,2013-01-01,0.0406,
596,99999,MC LEXINGTON,2016-05-31,09,KY,0602,2014-01-01,0.0693,
596,99999,MC LEXINGTON,2016-05-31,09,KY,0602,2015-01-01,0.1255,
603,99999,MC LOUISVILLE,2016-05-31,09,KY,0602,2011-01-01,0.0639,
603,99999,MC LOUISVILLE,2016-05-31,09,KY,0602,2012-01-01,0.0772,
603,99999,MC LOUISVILLE,2016-05-31,09,KY,0602,2013-01-01,0.086,
603,99999,MC LOUISVILLE,2016-05-31,09,KY,0602,2014-01-01,0.0948,
603,99999,MC LOUISVILLE,2016-05-31,09,KY,0602,2015-01-01,0.099,
614,99999,MC MEMPHIS,2016-05-31,09,TN,0602,2011-01-01,0.0399,
614,99999,MC MEMPHIS,2016-05-31,09,TN,0602,2012-01-01,0.0891,
614,99999,MC MEMPHIS,2016-05-31,09,TN,0602,2013-01-01,0.0393,
614,99999,MC MEMPHIS,2016-05-31,09,TN,0602,2014-01-01,0.0543,
614,99999,MC MEMPHIS,2016-05-31,09,TN,0602,2015-01-01,0.0985,
621,99999,MC MOUNTAIN HOME,2016-05-31,09,TN,0602,2011-01-01,0.0865,
621,99999,MC MOUNTAIN HOME,2016-05-31,09,TN,0602,2012-01-01,0.0534,
621,99999,MC MOUNTAIN HOME,2016-05-31,09,TN,0602,2013-01-01,0.1271,
621,99999,MC MOUNTAIN HOME,2016-05-31,09,TN,0602,2014-01-01,0.0757,
621,99999,MC MOUNTAIN HOME,2016-05-31,09,TN,0602,2015-01-01,0.1251,
626,99999,HCS NASHVILLE,2016-05-31,09,TN,0602,2011-01-01,0.0717,
626,99999,HCS NASHVILLE,2016-05-31,09,TN,0602,2012-01-01,0.0796,
626,99999,HCS NASHVILLE,2016-05-31,09,TN,0602,2013-01-01,0.0637,
626,99999,HCS NASHVILLE,2016-05-31,09,TN,0602,2014-01-01,0.0863,
626,99999,HCS NASHVILLE,2016-05-31,09,TN,0602,2015-01-01,0.0766,
538,99999,MC CHILLICOTHE,2016-05-31,10,OH,0602,2011-01-01,0.0836,
538,99999,MC CHILLICOTHE,2016-05-31,10,OH,0602,2012-01-01,0.1172,
538,99999,MC CHILLICOTHE,2016-05-31,10,OH,0602,2013-01-01,0.2804,
538,99999,MC CHILLICOTHE,2016-05-31,10,OH,0602,2014-01-01,0.2415,
538,99999,MC CHILLICOTHE,2016-05-31,10,OH,0602,2015-01-01,0.2122,
539,99999,MC CINCINNATI,2016-05-31,10,OH,0602,2011-01-01,0.0329,
539,99999,MC CINCINNATI,2016-05-31,10,OH,0602,2012-01-01,0.0427,
539,99999,MC CINCINNATI,2016-05-31,10,OH,0602,2013-01-01,0.0864,
539,99999,MC CINCINNATI,2016-05-31,10,OH,0602,2014-01-01,0.0783,
539,99999,MC CINCINNATI,2016-05-31,10,OH,0602,2015-01-01,0.1195,
541,99999,MC CLEVELAND,2016-05-31,10,OH,0602,2011-01-01,0.0872,
541,99999,MC CLEVELAND,2016-05-31,10,OH,0602,2012-01-01,0.052,
541,99999,MC CLEVELAND,2016-05-31,10,OH,0602,2013-01-01,0.0709,
541,99999,MC CLEVELAND,2016-05-31,10,OH,0602,2014-01-01,0.0656,
541,99999,MC CLEVELAND,2016-05-31,10,OH,0602,2015-01-01,0.0878,
552,99999,MC DAYTON,2016-05-31,10,OH,0602,2011-01-01,0.0814,
552,99999,MC DAYTON,2016-05-31,10,OH,0602,2012-01-01,0.1199,
552,99999,MC DAYTON,2016-05-31,10,OH,0602,2013-01-01,0.1518,
552,99999,MC DAYTON,2016-05-31,10,OH,0602,2014-01-01,0.098,
552,99999,MC DAYTON,2016-05-31,10,OH,0602,2015-01-01,0.1177,
757,99999,ACC COLUMBUS,2016-05-31,10,OH,0602,2011-01-01,0.1461,
757,99999,ACC COLUMBUS,2016-05-31,10,OH,0602,2012-01-01,0.1229,
757,99999,ACC COLUMBUS,2016-05-31,10,OH,0602,2013-01-01,0.0996,
757,99999,ACC COLUMBUS,2016-05-31,10,OH,0602,2014-01-01,0.0895,
757,99999,ACC COLUMBUS,2016-05-31,10,OH,0602,2015-01-01,0.081,
506,99999,HCS ANN ARBOR,2016-05-31,11,MI,0602,2011-01-01,0.1267,
506,99999,HCS ANN ARBOR,2016-05-31,11,MI,0602,2012-01-01,0.1477,
506,99999,HCS ANN ARBOR,2016-05-31,11,MI,0602,2013-01-01,0.1321,
506,99999,HCS ANN ARBOR,2016-05-31,11,MI,0602,2014-01-01,0.107,
506,99999,HCS ANN ARBOR,2016-05-31,11,MI,0602,2015-01-01,0.1331,
515,99999,MC BATTLE CREEK,2016-05-31,11,MI,0602,2011-01-01,0.1134,
515,99999,MC BATTLE CREEK,2016-05-31,11,MI,0602,2012-01-01,0.1431,
515,99999,MC BATTLE CREEK,2016-05-31,11,MI,0602,2013-01-01,0.1064,
515,99999,MC BATTLE CREEK,2016-05-31,11,MI,0602,2014-01-01,0.1068,
515,99999,MC BATTLE CREEK,2016-05-31,11,MI,0602,2015-01-01,0.0871,
550,99999,MC DANVILLE,2016-05-31,11,IL,0602,2011-01-01,0.0907,
550,99999,MC DANVILLE,2016-05-31,11,IL,0602,2012-01-01,0.139,
550,99999,MC DANVILLE,2016-05-31,11,IL,0602,2013-01-01,0.1081,
550,99999,MC DANVILLE,2016-05-31,11,IL,0602,2014-01-01,0.1457,
550,99999,MC DANVILLE,2016-05-31,11,IL,0602,2015-01-01,0.1008,
553,99999,MC DETROIT,2016-05-31,11,MI,0602,2011-01-01,0.0951,
553,99999,MC DETROIT,2016-05-31,11,MI,0602,2012-01-01,0.0857,
553,99999,MC DETROIT,2016-05-31,11,MI,0602,2013-01-01,0.0834,
553,99999,MC DETROIT,2016-05-31,11,MI,0602,2014-01-01,0.1141,
553,99999,MC DETROIT,2016-05-31,11,MI,0602,2015-01-01,0.1274,
583,99999,MC INDIANAPOLIS,2016-05-31,11,IN,0602,2011-01-01,0.0706,
583,99999,MC INDIANAPOLIS,2016-05-31,11,IN,0602,2012-01-01,0.0735,
583,99999,MC INDIANAPOLIS,2016-05-31,11,IN,0602,2013-01-01,0.0511,
583,99999,MC INDIANAPOLIS,2016-05-31,11,IN,0602,2014-01-01,0.0733,
583,99999,MC INDIANAPOLIS,2016-05-31,11,IN,0602,2015-01-01,0.0882,
610,99999,HCS MARION,2016-05-31,11,IN,0602,2011-01-01,0.1749,
610,99999,HCS MARION,2016-05-31,11,IN,0602,2012-01-01,0.0574,
610,99999,HCS MARION,2016-05-31,11,IN,0602,2013-01-01,0.1619,
610,99999,HCS MARION,2016-05-31,11,IN,0602,2014-01-01,0.0651,
610,99999,HCS MARION,2016-05-31,11,IN,0602,2015-01-01,0.1182,
655,99999,MC SAGINAW,2016-05-31,11,MI,0602,2011-01-01,0.1739,
655,99999,MC SAGINAW,2016-05-31,11,MI,0602,2012-01-01,0.2025,
655,99999,MC SAGINAW,2016-05-31,11,MI,0602,2013-01-01,0.0473,
655,99999,MC SAGINAW,2016-05-31,11,MI,0602,2014-01-01,0.2657,
655,99999,MC SAGINAW,2016-05-31,11,MI,0602,2015-01-01,0.0853,
799,99999,NCPS ANN ARBOR,2016-05-31,11,MI,0602,2011-01-01,0.75,
799,99999,NCPS ANN ARBOR,2016-05-31,11,MI,0602,2012-01-01,,
799,99999,NCPS ANN ARBOR,2016-05-31,11,MI,0602,2013-01-01,,
799,99999,NCPS ANN ARBOR,2016-05-31,11,MI,0602,2014-01-01,1.0,
799,99999,NCPS ANN ARBOR,2016-05-31,11,MI,0602,2015-01-01,,
489,99999,V12HSHINES,2016-05-31,12,IL,0602,2011-01-01,,
489,99999,V12HSHINES,2016-05-31,12,IL,0602,2012-01-01,,
489,99999,V12HSHINES,2016-05-31,12,IL,0602,2013-01-01,,
489,99999,V12HSHINES,2016-05-31,12,IL,0602,2014-01-01,,
489,99999,V12HSHINES,2016-05-31,12,IL,0602,2015-01-01,0.48,
537,99999,HCS CHICAGO,2016-05-31,12,IL,0602,2011-01-01,0.0679,
537,99999,HCS CHICAGO,2016-05-31,12,IL,0602,2012-01-01,0.068,
537,99999,HCS CHICAGO,2016-05-31,12,IL,0602,2013-01-01,0.0664,
537,99999,HCS CHICAGO,2016-05-31,12,IL,0602,2014-01-01,0.067,
537,99999,HCS CHICAGO,2016-05-31,12,IL,0602,2015-01-01,0.0816,
556,99999,FHCC NORTH CHICAGO,2016-05-31,12,IL,0602,2011-01-01,0.0794,
556,99999,FHCC NORTH CHICAGO,2016-05-31,12,IL,0602,2012-01-01,0.05,
556,99999,FHCC NORTH CHICAGO,2016-05-31,12,IL,0602,2013-01-01,0.0345,
556,99999,FHCC NORTH CHICAGO,2016-05-31,12,IL,0602,2014-01-01,0.0683,
556,99999,FHCC NORTH CHICAGO,2016-05-31,12,IL,0602,2015-01-01,0.0524,
578,99999,MC HINES,2016-05-31,12,IL,0602,2011-01-01,0.0656,
578,99999,MC HINES,2016-05-31,12,IL,0602,2012-01-01,0.0579,
578,99999,MC HINES,2016-05-31,12,IL,0602,2013-01-01,0.0883,
578,99999,MC HINES,2016-05-31,12,IL,0602,2014-01-01,0.0812,
578,99999,MC HINES,2016-05-31,12,IL,0602,2015-01-01,0.0839,
585,99999,MC IRON MOUNTAIN,2016-05-31,12,MI,0602,2011-01-01,0.0783,
585,99999,MC IRON MOUNTAIN,2016-05-31,12,MI,0602,2012-01-01,0.1508,
585,99999,MC IRON MOUNTAIN,2016-05-31,12,MI,0602,2013-01-01,0.1247,
585,99999,MC IRON MOUNTAIN,2016-05-31,12,MI,0602,2014-01-01,0.2011,
585,99999,MC IRON MOUNTAIN,2016-05-31,12,MI,0602,2015-01-01,0.127,
607,99999,MC MADISON,2016-05-31,12,WI,0602,2011-01-01,0.0976,
607,99999,MC MADISON,2016-05-31,12,WI,0602,2012-01-01,0.0877,
607,99999,MC MADISON,2016-05-31,12,WI,0602,2013-01-01,0.0544,
607,99999,MC MADISON,2016-05-31,12,WI,0602,2014-01-01,0.1193,
607,99999,MC MADISON,2016-05-31,12,WI,0602,2015-01-01,0.1195,
676,99999,MC TOMAH,2016-05-31,12,WI,0602,2011-01-01,0.1858,
676,99999,MC TOMAH,2016-05-31,12,WI,0602,2012-01-01,0.1159,
676,99999,MC TOMAH,2016-05-31,12,WI,0602,2013-01-01,0.0887,
676,99999,MC TOMAH,2016-05-31,12,WI,0602,2014-01-01,0.0558,
676,99999,MC TOMAH,2016-05-31,12,WI,0602,2015-01-01,0.1735,
695,99999,MC MILWAUKEE,2016-05-31,12,WI,0602,2011-01-01,0.0889,
695,99999,MC MILWAUKEE,2016-05-31,12,WI,0602,2012-01-01,0.1093,
695,99999,MC MILWAUKEE,2016-05-31,12,WI,0602,2013-01-01,0.1039,
695,99999,MC MILWAUKEE,2016-05-31,12,WI,0602,2014-01-01,0.0853,
695,99999,MC MILWAUKEE,2016-05-31,12,WI,0602,2015-01-01,0.0919,
589,99999,HCS KANSAS CITY,2016-05-31,15,MO,0602,2011-01-01,0.0591,
589,99999,HCS KANSAS CITY,2016-05-31,15,MO,0602,2012-01-01,0.0822,
589,99999,HCS KANSAS CITY,2016-05-31,15,MO,0602,2013-01-01,0.059,
589,99999,HCS KANSAS CITY,2016-05-31,15,MO,0602,2014-01-01,0.0758,
589,99999,HCS KANSAS CITY,2016-05-31,15,MO,0602,2015-01-01,0.0988,
657,99999,HCS ST LOUIS,2016-05-31,15,MO,0602,2011-01-01,0.1197,
657,99999,HCS ST LOUIS,2016-05-31,15,MO,0602,2012-01-01,0.1583,
657,99999,HCS ST LOUIS,2016-05-31,15,MO,0602,2013-01-01,0.1369,
657,99999,HCS ST LOUIS,2016-05-31,15,MO,0602,2014-01-01,0.0962,
657,99999,HCS ST LOUIS,2016-05-31,15,MO,0602,2015-01-01,0.1224,
492,99999,V16HNJACKSON,2016-05-31,16,MS,0602,2011-01-01,,
492,99999,V16HNJACKSON,2016-05-31,16,MS,0602,2012-01-01,,
492,99999,V16HNJACKSON,2016-05-31,16,MS,0602,2013-01-01,,
492,99999,V16HNJACKSON,2016-05-31,16,MS,0602,2014-01-01,,
492,99999,V16HNJACKSON,2016-05-31,16,MS,0602,2015-01-01,0.6667,
502,99999,MC ALEXANDRIA,2016-05-31,16,LA,0602,2011-01-01,0.1049,
502,99999,MC ALEXANDRIA,2016-05-31,16,LA,0602,2012-01-01,0.139,
502,99999,MC ALEXANDRIA,2016-05-31,16,LA,0602,2013-01-01,0.0936,
502,99999,MC ALEXANDRIA,2016-05-31,16,LA,0602,2014-01-01,0.2061,
502,99999,MC ALEXANDRIA,2016-05-31,16,LA,0602,2015-01-01,0.1146,
520,99999,MC BILOXI,2016-05-31,16,MS,0602,2011-01-01,0.0971,
520,99999,MC BILOXI,2016-05-31,16,MS,0602,2012-01-01,0.0873,
520,99999,MC BILOXI,2016-05-31,16,MS,0602,2013-01-01,0.0396,
520,99999,MC BILOXI,2016-05-31,16,MS,0602,2014-01-01,0.0926,
520,99999,MC BILOXI,2016-05-31,16,MS,0602,2015-01-01,0.1239,
564,99999,MC FAYETTEVILLE,2016-05-31,16,AR,0602,2011-01-01,0.0829,
564,99999,MC FAYETTEVILLE,2016-05-31,16,AR,0602,2012-01-01,0.1069,
564,99999,MC FAYETTEVILLE,2016-05-31,16,AR,0602,2013-01-01,0.0848,
564,99999,MC FAYETTEVILLE,2016-05-31,16,AR,0602,2014-01-01,0.1097,
564,99999,MC FAYETTEVILLE,2016-05-31,16,AR,0602,2015-01-01,0.0926,
580,99999,MC HOUSTON,2016-05-31,16,TX,0602,2011-01-01,0.0559,
580,99999,MC HOUSTON,2016-05-31,16,TX,0602,2012-01-01,0.0619,
580,99999,MC HOUSTON,2016-05-31,16,TX,0602,2013-01-01,0.0798,
580,99999,MC HOUSTON,2016-05-31,16,TX,0602,2014-01-01,0.0771,
580,99999,MC HOUSTON,2016-05-31,16,TX,0602,2015-01-01,0.0717,
586,99999,MC JACKSON,2016-05-31,16,MS,0602,2011-01-01,0.1286,
586,99999,MC JACKSON,2016-05-31,16,MS,0602,2012-01-01,0.0284,
586,99999,MC JACKSON,2016-05-31,16,MS,0602,2013-01-01,0.0872,
586,99999,MC JACKSON,2016-05-31,16,MS,0602,2014-01-01,0.0747,
586,99999,MC JACKSON,2016-05-31,16,MS,0602,2015-01-01,0.0454,
598,99999,MC LITTLE ROCK,2016-05-31,16,AR,0602,2011-01-01,0.1034,
598,99999,MC LITTLE ROCK,2016-05-31,16,AR,0602,2012-01-01,0.099,
598,99999,MC LITTLE ROCK,2016-05-31,16,AR,0602,2013-01-01,0.0799,
598,99999,MC LITTLE ROCK,2016-05-31,16,AR,0602,2014-01-01,0.0926,
598,99999,MC LITTLE ROCK,2016-05-31,16,AR,0602,2015-01-01,0.0828,
623,99999,MC MUSKOGEE,2016-05-31,16,OK,0602,2011-01-01,0.1107,
623,99999,MC MUSKOGEE,2016-05-31,16,OK,0602,2012-01-01,0.1751,
623,99999,MC MUSKOGEE,2016-05-31,16,OK,0602,2013-01-01,0.0215,
623,99999,MC MUSKOGEE,2016-05-31,16,OK,0602,2014-01-01,0.1683,
623,99999,MC MUSKOGEE,2016-05-31,16,OK,0602,2015-01-01,0.0704,
629,99999,MC NEW ORLEANS,2016-05-31,16,LA,0602,2011-01-01,0.133,
629,99999,MC NEW ORLEANS,2016-05-31,16,LA,0602,2012-01-01,0.1117,
629,99999,MC NEW ORLEANS,2016-05-31,16,LA,0602,2013-01-01,0.1152,
629,99999,MC NEW ORLEANS,2016-05-31,16,LA,0602,2014-01-01,0.0762,
629,99999,MC NEW ORLEANS,2016-05-31,16,LA,0602,2015-01-01,0.0842,
635,99999,MC OKLAHOMA CITY,2016-05-31,16,OK,0602,2011-01-01,0.1278,
635,99999,MC OKLAHOMA CITY,2016-05-31,16,OK,0602,2012-01-01,0.1176,
635,99999,MC OKLAHOMA CITY,2016-05-31,16,OK,0602,2013-01-01,0.1104,
635,99999,MC OKLAHOMA CITY,2016-05-31,16,OK,0602,2014-01-01,0.1191,
635,99999,MC OKLAHOMA CITY,2016-05-31,16,OK,0602,2015-01-01,0.0985,
667,99999,MC SHREVEPORT,2016-05-31,16,LA,0602,2011-01-01,0.0568,
667,99999,MC SHREVEPORT,2016-05-31,16,LA,0602,2012-01-01,0.0478,
667,99999,MC SHREVEPORT,2016-05-31,16,LA,0602,2013-01-01,0.1082,
667,99999,MC SHREVEPORT,2016-05-31,16,LA,0602,2014-01-01,0.0695,
667,99999,MC SHREVEPORT,2016-05-31,16,LA,0602,2015-01-01,0.104,
549,99999,HCS DALLAS,2016-05-31,17,TX,0602,2011-01-01,0.1051,
549,99999,HCS DALLAS,2016-05-31,17,TX,0602,2012-01-01,0.088,
549,99999,HCS DALLAS,2016-05-31,17,TX,0602,2013-01-01,0.0784,
549,99999,HCS DALLAS,2016-05-31,17,TX,0602,2014-01-01,0.0712,
549,99999,HCS DALLAS,2016-05-31,17,TX,0602,2015-01-01,0.0487,
671,99999,HCS SAN ANTONIO,2016-05-31,17,TX,0602,2011-01-01,0.1133,
671,99999,HCS SAN ANTONIO,2016-05-31,17,TX,0602,2012-01-01,0.1436,
671,99999,HCS SAN ANTONIO,2016-05-31,17,TX,0602,2013-01-01,0.0886,
671,99999,HCS SAN ANTONIO,2016-05-31,17,TX,0602,2014-01-01,0.1043,
671,99999,HCS SAN ANTONIO,2016-05-31,17,TX,0602,2015-01-01,0.1035,
674,99999,HCS TEMPLE,2016-05-31,17,TX,0602,2011-01-01,0.0902,
674,99999,HCS TEMPLE,2016-05-31,17,TX,0602,2012-01-01,0.09,
674,99999,HCS TEMPLE,2016-05-31,17,TX,0602,2013-01-01,0.1076,
674,99999,HCS TEMPLE,2016-05-31,17,TX,0602,2014-01-01,0.0766,
674,99999,HCS TEMPLE,2016-05-31,17,TX,0602,2015-01-01,0.1122,
740,99999,HCS HARLINGEN,2016-05-31,17,TX,0602,2011-01-01,0.1356,
740,99999,HCS HARLINGEN,2016-05-31,17,TX,0602,2012-01-01,0.2304,
740,99999,HCS HARLINGEN,2016-05-31,17,TX,0602,2013-01-01,0.1553,
740,99999,HCS HARLINGEN,2016-05-31,17,TX,0602,2014-01-01,0.1115,
740,99999,HCS HARLINGEN,2016-05-31,17,TX,0602,2015-01-01,0.2853,
494,99999,V18HNMESA,2016-05-31,18,AZ,0602,2011-01-01,,
494,99999,V18HNMESA,2016-05-31,18,AZ,0602,2012-01-01,,
494,99999,V18HNMESA,2016-05-31,18,AZ,0602,2013-01-01,,
494,99999,V18HNMESA,2016-05-31,18,AZ,0602,2014-01-01,,
494,99999,V18HNMESA,2016-05-31,18,AZ,0602,2015-01-01,0.2553,
501,99999,HCS ALBUQUERQUE,2016-05-31,18,NM,0602,2011-01-01,0.1029,
501,99999,HCS ALBUQUERQUE,2016-05-31,18,NM,0602,2012-01-01,0.1448,
501,99999,HCS ALBUQUERQUE,2016-05-31,18,NM,0602,2013-01-01,0.0636,
501,99999,HCS ALBUQUERQUE,2016-05-31,18,NM,0602,2014-01-01,0.1061,
501,99999,HCS ALBUQUERQUE,2016-05-31,18,NM,0602,2015-01-01,0.096,
504,99999,MC AMARILLO,2016-05-31,18,TX,0602,2011-01-01,0.078,
504,99999,MC AMARILLO,2016-05-31,18,TX,0602,2012-01-01,0.1063,
504,99999,MC AMARILLO,2016-05-31,18,TX,0602,2013-01-01,0.0626,
504,99999,MC AMARILLO,2016-05-31,18,TX,0602,2014-01-01,0.136,
504,99999,MC AMARILLO,2016-05-31,18,TX,0602,2015-01-01,0.1136,
519,99999,MC BIG SPRING,2016-05-31,18,TX,0602,2011-01-01,0.2099,
519,99999,MC BIG SPRING,2016-05-31,18,TX,0602,2012-01-01,0.0365,
519,99999,MC BIG SPRING,2016-05-31,18,TX,0602,2013-01-01,0.1829,
519,99999,MC BIG SPRING,2016-05-31,18,TX,0602,2014-01-01,0.1649,
519,99999,MC BIG SPRING,2016-05-31,18,TX,0602,2015-01-01,0.0463,
644,99999,MC PHOENIX,2016-05-31,18,AZ,0602,2011-01-01,0.0891,
644,99999,MC PHOENIX,2016-05-31,18,AZ,0602,2012-01-01,0.0926,
644,99999,MC PHOENIX,2016-05-31,18,AZ,0602,2013-01-01,0.0963,
644,99999,MC PHOENIX,2016-05-31,18,AZ,0602,2014-01-01,0.0777,
644,99999,MC PHOENIX,2016-05-31,18,AZ,0602,2015-01-01,0.071,
649,99999,HCS PRESCOTT,2016-05-31,18,AZ,0602,2011-01-01,0.0479,
649,99999,HCS PRESCOTT,2016-05-31,18,AZ,0602,2012-01-01,0.0455,
649,99999,HCS PRESCOTT,2016-05-31,18,AZ,0602,2013-01-01,0.1801,
649,99999,HCS PRESCOTT,2016-05-31,18,AZ,0602,2014-01-01,0.1705,
649,99999,HCS PRESCOTT,2016-05-31,18,AZ,0602,2015-01-01,0.1007,
678,99999,HCS TUCSON,2016-05-31,18,AZ,0602,2011-01-01,0.1001,
678,99999,HCS TUCSON,2016-05-31,18,AZ,0602,2012-01-01,0.1298,
678,99999,HCS TUCSON,2016-05-31,18,AZ,0602,2013-01-01,0.1127,
678,99999,HCS TUCSON,2016-05-31,18,AZ,0602,2014-01-01,0.108,
678,99999,HCS TUCSON,2016-05-31,18,AZ,0602,2015-01-01,0.0933,
756,99999,OC EL PASO,2016-05-31,18,TX,0602,2011-01-01,0.1453,
756,99999,OC EL PASO,2016-05-31,18,TX,0602,2012-01-01,0.0576,
756,99999,OC EL PASO,2016-05-31,18,TX,0602,2013-01-01,0.0823,
756,99999,OC EL PASO,2016-05-31,18,TX,0602,2014-01-01,0.1446,
756,99999,OC EL PASO,2016-05-31,18,TX,0602,2015-01-01,0.1808,
436,99999,HCS FT HARRISON,2016-05-31,19,MT,0602,2011-01-01,0.0788,
436,99999,HCS FT HARRISON,2016-05-31,19,MT,0602,2012-01-01,0.0505,
436,99999,HCS FT HARRISON,2016-05-31,19,MT,0602,2013-01-01,0.0941,
436,99999,HCS FT HARRISON,2016-05-31,19,MT,0602,2014-01-01,0.073,
436,99999,HCS FT HARRISON,2016-05-31,19,MT,0602,2015-01-01,0.1101,
442,99999,MROC CHEYENNE,2016-05-31,19,WY,0602,2011-01-01,0.0891,
442,99999,MROC CHEYENNE,2016-05-31,19,WY,0602,2012-01-01,0.224,
442,99999,MROC CHEYENNE,2016-05-31,19,WY,0602,2013-01-01,0.1124,
442,99999,MROC CHEYENNE,2016-05-31,19,WY,0602,2014-01-01,0.073,
442,99999,MROC CHEYENNE,2016-05-31,19,WY,0602,2015-01-01,0.1326,
554,99999,HCS DENVER,2016-05-31,19,CO,0602,2011-01-01,0.1031,
554,99999,HCS DENVER,2016-05-31,19,CO,0602,2012-01-01,0.0689,
554,99999,HCS DENVER,2016-05-31,19,CO,0602,2013-01-01,0.0878,
554,99999,HCS DENVER,2016-05-31,19,CO,0602,2014-01-01,0.1378,
554,99999,HCS DENVER,2016-05-31,19,CO,0602,2015-01-01,0.1369,
575,99999,MC GR JUNCTION,2016-05-31,19,CO,0602,2011-01-01,0.0573,
575,99999,MC GR JUNCTION,2016-05-31,19,CO,0602,2012-01-01,0.0587,
575,99999,MC GR JUNCTION,2016-05-31,19,CO,0602,2013-01-01,0.0571,
575,99999,MC GR JUNCTION,2016-05-31,19,CO,0602,2014-01-01,0.2985,
575,99999,MC GR JUNCTION,2016-05-31,19,CO,0602,2015-01-01,0.1311,
660,99999,HCS SALT LAKE CITY,2016-05-31,19,UT,0602,2011-01-01,0.1024,
660,99999,HCS SALT LAKE CITY,2016-05-31,19,UT,0602,2012-01-01,0.0946,
660,99999,HCS SALT LAKE CITY,2016-05-31,19,UT,0602,2013-01-01,0.1106,
660,99999,HCS SALT LAKE CITY,2016-05-31,19,UT,0602,2014-01-01,0.0758,
660,99999,HCS SALT LAKE CITY,2016-05-31,19,UT,0602,2015-01-01,0.0718,
666,99999,HCS SHERIDAN,2016-05-31,19,WY,0602,2011-01-01,0.1272,
666,99999,HCS SHERIDAN,2016-05-31,19,WY,0602,2012-01-01,0.1369,
666,99999,HCS SHERIDAN,2016-05-31,19,WY,0602,2013-01-01,0.2034,
666,99999,HCS SHERIDAN,2016-05-31,19,WY,0602,2014-01-01,0.1946,
666,99999,HCS SHERIDAN,2016-05-31,19,WY,0602,2015-01-01,0.1311,
463,99999,HCSROANCHORAGE,2016-05-31,20,AK,0602,2011-01-01,0.0773,
463,99999,HCSROANCHORAGE,2016-05-31,20,AK,0602,2012-01-01,0.209,
463,99999,HCSROANCHORAGE,2016-05-31,20,AK,0602,2013-01-01,0.1132,
463,99999,HCSROANCHORAGE,2016-05-31,20,AK,0602,2014-01-01,0.102,
463,99999,HCSROANCHORAGE,2016-05-31,20,AK,0602,2015-01-01,0.1796,
496,99999,V20HNVANCOUVER,2016-05-31,20,WA,0602,2011-01-01,,
496,99999,V20HNVANCOUVER,2016-05-31,20,WA,0602,2012-01-01,,
496,99999,V20HNVANCOUVER,2016-05-31,20,WA,0602,2013-01-01,0.2667,
496,99999,V20HNVANCOUVER,2016-05-31,20,WA,0602,2014-01-01,,
496,99999,V20HNVANCOUVER,2016-05-31,20,WA,0602,2015-01-01,1.3333,
531,99999,MC BOISE,2016-05-31,20,ID,0602,2011-01-01,0.0893,
531,99999,MC BOISE,2016-05-31,20,ID,0602,2012-01-01,0.0566,
531,99999,MC BOISE,2016-05-31,20,ID,0602,2013-01-01,0.0845,
531,99999,MC BOISE,2016-05-31,20,ID,0602,2014-01-01,0.0889,
531,99999,MC BOISE,2016-05-31,20,ID,0602,2015-01-01,0.0658,
648,99999,MC PORTLAND,2016-05-31,20,OR,0602,2011-01-01,0.0526,
648,99999,MC PORTLAND,2016-05-31,20,OR,0602,2012-01-01,0.0812,
648,99999,MC PORTLAND,2016-05-31,20,OR,0602,2013-01-01,0.0658,
648,99999,MC PORTLAND,2016-05-31,20,OR,0602,2014-01-01,0.085,
648,99999,MC PORTLAND,2016-05-31,20,OR,0602,2015-01-01,0.0982,
653,99999,HCS ROSEBURG,2016-05-31,20,OR,0602,2011-01-01,0.0978,
653,99999,HCS ROSEBURG,2016-05-31,20,OR,0602,2012-01-01,0.1004,
653,99999,HCS ROSEBURG,2016-05-31,20,OR,0602,2013-01-01,0.0716,
653,99999,HCS ROSEBURG,2016-05-31,20,OR,0602,2014-01-01,0.1834,
653,99999,HCS ROSEBURG,2016-05-31,20,OR,0602,2015-01-01,0.096,
663,99999,HCS SEATTLE,2016-05-31,20,WA,0602,2011-01-01,0.0951,
663,99999,HCS SEATTLE,2016-05-31,20,WA,0602,2012-01-01,0.105,
663,99999,HCS SEATTLE,2016-05-31,20,WA,0602,2013-01-01,0.13,
663,99999,HCS SEATTLE,2016-05-31,20,WA,0602,2014-01-01,0.0998,
663,99999,HCS SEATTLE,2016-05-31,20,WA,0602,2015-01-01,0.098,
668,99999,MC SPOKANE,2016-05-31,20,WA,0602,2011-01-01,0.1064,
668,99999,MC SPOKANE,2016-05-31,20,WA,0602,2012-01-01,0.1948,
668,99999,MC SPOKANE,2016-05-31,20,WA,0602,2013-01-01,0.0909,
668,99999,MC SPOKANE,2016-05-31,20,WA,0602,2014-01-01,0.1722,
668,99999,MC SPOKANE,2016-05-31,20,WA,0602,2015-01-01,0.136,
687,99999,MC WALLA WALLA,2016-05-31,20,WA,0602,2011-01-01,0.1137,
687,99999,MC WALLA WALLA,2016-05-31,20,WA,0602,2012-01-01,0.1593,
687,99999,MC WALLA WALLA,2016-05-31,20,WA,0602,2013-01-01,0.1159,
687,99999,MC WALLA WALLA,2016-05-31,20,WA,0602,2014-01-01,0.3582,
687,99999,MC WALLA WALLA,2016-05-31,20,WA,0602,2015-01-01,0.0659,
692,99999,SORCCWHITE CITY,2016-05-31,20,OR,0602,2011-01-01,0.0956,
692,99999,SORCCWHITE CITY,2016-05-31,20,OR,0602,2012-01-01,0.0438,
692,99999,SORCCWHITE CITY,2016-05-31,20,OR,0602,2013-01-01,0.0379,
692,99999,SORCCWHITE CITY,2016-05-31,20,OR,0602,2014-01-01,0.2485,
692,99999,SORCCWHITE CITY,2016-05-31,20,OR,0602,2015-01-01,0.3095,
358,99999,RO MANILA,2016-05-31,21,PI,0602,2011-01-01,0.1,
358,99999,RO MANILA,2016-05-31,21,PI,0602,2012-01-01,,
358,99999,RO MANILA,2016-05-31,21,PI,0602,2013-01-01,,
358,99999,RO MANILA,2016-05-31,21,PI,0602,2014-01-01,,
358,99999,RO MANILA,2016-05-31,21,PI,0602,2015-01-01,,
459,99999,HCS HONOLULU,2016-05-31,21,HI,0602,2011-01-01,0.0271,
459,99999,HCS HONOLULU,2016-05-31,21,HI,0602,2012-01-01,0.0532,
459,99999,HCS HONOLULU,2016-05-31,21,HI,0602,2013-01-01,0.0386,
459,99999,HCS HONOLULU,2016-05-31,21,HI,0602,2014-01-01,0.0757,
459,99999,HCS HONOLULU,2016-05-31,21,HI,0602,2015-01-01,0.0718,
570,99999,HCS FRESNO,2016-05-31,21,CA,0602,2011-01-01,0.0793,
570,99999,HCS FRESNO,2016-05-31,21,CA,0602,2012-01-01,0.0829,
570,99999,HCS FRESNO,2016-05-31,21,CA,0602,2013-01-01,0.1055,
570,99999,HCS FRESNO,2016-05-31,21,CA,0602,2014-01-01,0.08,
570,99999,HCS FRESNO,2016-05-31,21,CA,0602,2015-01-01,0.1007,
612,99999,HCS MARTINEZ,2016-05-31,21,CA,0602,2011-01-01,0.0659,
612,99999,HCS MARTINEZ,2016-05-31,21,CA,0602,2012-01-01,0.0808,
612,99999,HCS MARTINEZ,2016-05-31,21,CA,0602,2013-01-01,0.0557,
612,99999,HCS MARTINEZ,2016-05-31,21,CA,0602,2014-01-01,0.0763,
612,99999,HCS MARTINEZ,2016-05-31,21,CA,0602,2015-01-01,0.0958,
640,99999,HCS PALO ALTO,2016-05-31,21,CA,0602,2011-01-01,0.0534,
640,99999,HCS PALO ALTO,2016-05-31,21,CA,0602,2012-01-01,0.068,
640,99999,HCS PALO ALTO,2016-05-31,21,CA,0602,2013-01-01,0.0721,
640,99999,HCS PALO ALTO,2016-05-31,21,CA,0602,2014-01-01,0.0731,
640,99999,HCS PALO ALTO,2016-05-31,21,CA,0602,2015-01-01,0.0724,
654,99999,HCS RENO,2016-05-31,21,NV,0602,2011-01-01,0.0566,
654,99999,HCS RENO,2016-05-31,21,NV,0602,2012-01-01,0.1101,
654,99999,HCS RENO,2016-05-31,21,NV,0602,2013-01-01,0.0711,
654,99999,HCS RENO,2016-05-31,21,NV,0602,2014-01-01,0.0476,
654,99999,HCS RENO,2016-05-31,21,NV,0602,2015-01-01,0.1029,
662,99999,MC SAN FRANCISCO,2016-05-31,21,CA,0602,2011-01-01,0.0695,
662,99999,MC SAN FRANCISCO,2016-05-31,21,CA,0602,2012-01-01,0.0957,
662,99999,MC SAN FRANCISCO,2016-05-31,21,CA,0602,2013-01-01,0.0713,
662,99999,MC SAN FRANCISCO,2016-05-31,21,CA,0602,2014-01-01,0.0728,
662,99999,MC SAN FRANCISCO,2016-05-31,21,CA,0602,2015-01-01,0.0917,
593,99999,MC LAS VEGAS,2016-05-31,22,NV,0602,2011-01-01,0.1087,
593,99999,MC LAS VEGAS,2016-05-31,22,NV,0602,2012-01-01,0.0737,
593,99999,MC LAS VEGAS,2016-05-31,22,NV,0602,2013-01-01,0.0628,
593,99999,MC LAS VEGAS,2016-05-31,22,NV,0602,2014-01-01,0.1031,
593,99999,MC LAS VEGAS,2016-05-31,22,NV,0602,2015-01-01,0.1012,
600,99999,HCS LONG BEACH,2016-05-31,22,CA,0602,2011-01-01,0.0699,
600,99999,HCS LONG BEACH,2016-05-31,22,CA,0602,2012-01-01,0.0852,
600,99999,HCS LONG BEACH,2016-05-31,22,CA,0602,2013-01-01,0.0534,
600,99999,HCS LONG BEACH,2016-05-31,22,CA,0602,2014-01-01,0.0763,
600,99999,HCS LONG BEACH,2016-05-31,22,CA,0602,2015-01-01,0.0621,
605,99999,MC LOMA LINDA,2016-05-31,22,CA,0602,2011-01-01,0.0823,
605,99999,MC LOMA LINDA,2016-05-31,22,CA,0602,2012-01-01,0.0341,
605,99999,MC LOMA LINDA,2016-05-31,22,CA,0602,2013-01-01,0.1079,
605,99999,MC LOMA LINDA,2016-05-31,22,CA,0602,2014-01-01,0.0472,
605,99999,MC LOMA LINDA,2016-05-31,22,CA,0602,2015-01-01,0.0609,
664,99999,HCS SAN DIEGO,2016-05-31,22,CA,0602,2011-01-01,0.0632,
664,99999,HCS SAN DIEGO,2016-05-31,22,CA,0602,2012-01-01,0.0638,
664,99999,HCS SAN DIEGO,2016-05-31,22,CA,0602,2013-01-01,0.0725,
664,99999,HCS SAN DIEGO,2016-05-31,22,CA,0602,2014-01-01,0.0644,
664,99999,HCS SAN DIEGO,2016-05-31,22,CA,0602,2015-01-01,0.0721,
691,99999,HCS W/LOS ANGELES,2016-05-31,22,CA,0602,2011-01-01,0.0678,
691,99999,HCS W/LOS ANGELES,2016-05-31,22,CA,0602,2012-01-01,0.0676,
691,99999,HCS W/LOS ANGELES,2016-05-31,22,CA,0602,2013-01-01,0.0482,
691,99999,HCS W/LOS ANGELES,2016-05-31,22,CA,0602,2014-01-01,0.0672,
691,99999,HCS W/LOS ANGELES,2016-05-31,22,CA,0602,2015-01-01,0.0796,
437,99999,HCS FARGO,2016-05-31,23,ND,0602,2011-01-01,0.1488,
437,99999,HCS FARGO,2016-05-31,23,ND,0602,2012-01-01,0.0893,
437,99999,HCS FARGO,2016-05-31,23,ND,0602,2013-01-01,0.128,
437,99999,HCS FARGO,2016-05-31,23,ND,0602,2014-01-01,0.1553,
437,99999,HCS FARGO,2016-05-31,23,ND,0602,2015-01-01,0.0999,
438,99999,HCS SIOUX FALLS,2016-05-31,23,SD,0602,2011-01-01,0.1348,
438,99999,HCS SIOUX FALLS,2016-05-31,23,SD,0602,2012-01-01,0.0597,
438,99999,HCS SIOUX FALLS,2016-05-31,23,SD,0602,2013-01-01,0.1015,
438,99999,HCS SIOUX FALLS,2016-05-31,23,SD,0602,2014-01-01,0.055,
438,99999,HCS SIOUX FALLS,2016-05-31,23,SD,0602,2015-01-01,0.1013,
568,99999,HCS FORT MEADE,2016-05-31,23,SD,0602,2011-01-01,0.1268,
568,99999,HCS FORT MEADE,2016-05-31,23,SD,0602,2012-01-01,0.1026,
568,99999,HCS FORT MEADE,2016-05-31,23,SD,0602,2013-01-01,0.1046,
568,99999,HCS FORT MEADE,2016-05-31,23,SD,0602,2014-01-01,0.1552,
568,99999,HCS FORT MEADE,2016-05-31,23,SD,0602,2015-01-01,0.1555,
618,99999,HCS MINNEAPOLIS,2016-05-31,23,MN,0602,2011-01-01,0.0546,
618,99999,HCS MINNEAPOLIS,2016-05-31,23,MN,0602,2012-01-01,0.0822,
618,99999,HCS MINNEAPOLIS,2016-05-31,23,MN,0602,2013-01-01,0.063,
618,99999,HCS MINNEAPOLIS,2016-05-31,23,MN,0602,2014-01-01,0.0477,
618,99999,HCS MINNEAPOLIS,2016-05-31,23,MN,0602,2015-01-01,0.0827,
636,99999,HCS OMAHA,2016-05-31,23,NE,0602,2011-01-01,0.0754,
636,99999,HCS OMAHA,2016-05-31,23,NE,0602,2012-01-01,0.0797,
636,99999,HCS OMAHA,2016-05-31,23,NE,0602,2013-01-01,0.1171,
636,99999,HCS OMAHA,2016-05-31,23,NE,0602,2014-01-01,0.0881,
636,99999,HCS OMAHA,2016-05-31,23,NE,0602,2015-01-01,0.088,
656,99999,HCS ST CLOUD,2016-05-31,23,MN,0602,2011-01-01,0.1096,
656,99999,HCS ST CLOUD,2016-05-31,23,MN,0602,2012-01-01,0.0559,
656,99999,HCS ST CLOUD,2016-05-31,23,MN,0602,2013-01-01,0.0734,
656,99999,HCS ST CLOUD,2016-05-31,23,MN,0602,2014-01-01,0.0686,
656,99999,HCS ST CLOUD,2016-05-31,23,MN,0602,2015-01-01,0.1543,
